Bet Number,Bet Amount,Wallet Balance
1,0.48886700000000005,4888.67
2,0.48881800000000003,4888.18
3,0.488769,4887.69
4,0.48872,4887.2
5,0.488769,4887.69
6,0.48872,4887.2
7,0.488691,4886.91
8,0.4886520000000001,4886.52
9,0.488613,4886.13
10,0.488573,4885.73
11,0.48872,4887.2
12,0.4886810000000001,4886.81
13,0.488642,4886.42
14,0.48859300000000006,4885.93
15,0.48855400000000004,4885.54
16,0.488515,4885.15
17,0.48847500000000005,4884.75
18,0.488534,4885.34
19,0.488495,4884.95
20,0.48845600000000006,4884.56
21,0.488407,4884.07
22,0.48837700000000006,4883.77
23,0.488328,4883.28
24,0.488299,4882.99
25,0.48825,4882.5
26,0.488221,4882.21
27,0.48817200000000005,4881.72
28,0.488328,4883.28
29,0.488279,4882.79
30,0.48824,4882.4
31,0.488211,4882.11
32,0.488162,4881.62
33,0.488123,4881.23
34,0.48809300000000005,4880.93
35,0.488044,4880.44
36,0.488015,4880.15
37,0.487966,4879.66
38,0.48802500000000004,4880.25
39,0.48798500000000006,4879.85
40,0.48794600000000005,4879.46
41,0.487897,4878.97
42,0.487858,4878.58
43,0.487829,4878.29
44,0.4877890000000001,4877.89
45,0.48774,4877.4
46,0.4877890000000001,4877.89
47,0.488191,4881.91
48,0.4881520000000001,4881.52
49,0.488113,4881.13
50,0.488074,4880.74
51,0.488034,4880.34
52,0.487995,4879.95
53,0.488044,4880.44
54,0.48809300000000005,4880.93
55,0.488044,4880.44
56,0.488015,4880.15
57,0.487976,4879.76
58,0.48792700000000006,4879.27
59,0.487887,4878.87
60,0.487848,4878.48
61,0.487819,4878.19
62,0.48778000000000005,4877.8
63,0.48774,4877.4
64,0.487691,4876.91
65,0.48775,4877.5
66,0.487711,4877.11
67,0.48766200000000004,4876.62
68,0.487721,4877.21
69,0.4878680000000001,4878.68
70,0.48791700000000005,4879.17
71,0.487878,4878.78
72,0.48792700000000006,4879.27
73,0.487878,4878.78
74,0.48827,4882.7
75,0.48823000000000005,4882.3
76,0.48820100000000005,4882.01
77,0.4881520000000001,4881.52
78,0.488123,4881.23
79,0.48817200000000005,4881.72
80,0.488132,4881.32
81,0.4881810000000001,4881.81
82,0.488132,4881.32
83,0.48809300000000005,4880.93
84,0.4886810000000001,4886.81
85,0.488642,4886.42
86,0.488603,4886.03
87,0.48855400000000004,4885.54
88,0.488515,4885.15
89,0.48848500000000006,4884.85
90,0.48844600000000005,4884.46
91,0.488407,4884.07
92,0.4883680000000001,4883.68
93,0.488328,4883.28
94,0.488279,4882.79
95,0.48825,4882.5
96,0.488211,4882.11
97,0.488162,4881.62
98,0.488132,4881.32
99,0.4881810000000001,4881.81
100,0.488132,4881.32
101,0.488103,4881.03
102,0.4881520000000001,4881.52
103,0.48820100000000005,4882.01
104,0.4881520000000001,4881.52
105,0.488113,4881.13
106,0.488515,4885.15
107,0.48847500000000005,4884.75
108,0.488426,4884.26
109,0.488397,4883.97
110,0.488358,4883.58
111,0.488407,4884.07
112,0.4883680000000001,4883.68
113,0.488328,4883.28
114,0.488279,4882.79
115,0.48825,4882.5
116,0.48820100000000005,4882.01
117,0.48817200000000005,4881.72
118,0.488132,4881.32
119,0.48809300000000005,4880.93
120,0.48805400000000004,4880.54
121,0.488103,4881.03
122,0.48805400000000004,4880.54
123,0.488103,4881.03
124,0.488074,4880.74
125,0.48802500000000004,4880.25
126,0.487995,4879.95
127,0.48794600000000005,4879.46
128,0.488005,4880.05
129,0.487966,4879.66
130,0.48792700000000006,4879.27
131,0.487887,4878.87
132,0.48783800000000005,4878.38
133,0.48780900000000005,4878.09
134,0.48777,4877.7
135,0.4877310000000001,4877.31
136,0.487691,4876.91
137,0.487642,4876.42
138,0.487613,4876.13
139,0.487574,4875.74
140,0.48753500000000005,4875.35
141,0.487495,4874.95
142,0.48745600000000006,4874.56
143,0.487603,4876.03
144,0.48755400000000004,4875.54
145,0.48752500000000004,4875.25
146,0.487476,4874.76
147,0.48744600000000005,4874.46
148,0.48783800000000005,4878.38
149,0.4877890000000001,4877.89
150,0.48775,4877.5
151,0.487907,4879.07
152,0.4878680000000001,4878.68
153,0.487829,4878.29
154,0.48778000000000005,4877.8
155,0.487936,4879.36
156,0.487897,4878.97
157,0.487858,4878.58
158,0.487819,4878.19
159,0.4878680000000001,4878.68
160,0.487829,4878.29
161,0.4877890000000001,4877.89
162,0.48774,4877.4
163,0.488142,4881.42
164,0.488103,4881.03
165,0.48806400000000005,4880.64
166,0.488113,4881.13
167,0.488074,4880.74
168,0.48802500000000004,4880.25
169,0.48827,4882.7
170,0.488319,4883.19
171,0.4883680000000001,4883.68
172,0.488328,4883.28
173,0.488279,4882.79
174,0.48824,4882.4
175,0.48820100000000005,4882.01
176,0.48817200000000005,4881.72
177,0.488132,4881.32
178,0.488083,4880.83
179,0.488142,4881.42
180,0.48809300000000005,4880.93
181,0.48805400000000004,4880.54
182,0.488015,4880.15
183,0.48798500000000006,4879.85
184,0.487936,4879.36
185,0.487995,4879.95
186,0.48794600000000005,4879.46
187,0.488348,4883.48
188,0.48830900000000005,4883.09
189,0.48827,4882.7
190,0.48823000000000005,4882.3
191,0.488191,4881.91
192,0.4881520000000001,4881.52
193,0.488113,4881.13
194,0.488162,4881.62
195,0.488123,4881.23
196,0.488083,4880.83
197,0.488034,4880.34
198,0.4881810000000001,4881.81
199,0.4881520000000001,4881.52
200,0.488113,4881.13
201,0.488074,4880.74
202,0.48802500000000004,4880.25
203,0.48798500000000006,4879.85
204,0.48794600000000005,4879.46
205,0.48791700000000005,4879.17
206,0.487878,4878.78
207,0.48783800000000005,4878.38
208,0.487799,4877.99
209,0.4877600000000001,4877.6
210,0.487721,4877.21
211,0.48767200000000005,4876.72
212,0.487642,4876.42
213,0.487603,4876.03
214,0.48756400000000005,4875.64
215,0.487515,4875.15
216,0.487486,4874.86
217,0.48744600000000005,4874.46
218,0.487407,4874.07
219,0.48745600000000006,4874.56
220,0.48741700000000004,4874.17
221,0.48756400000000005,4875.64
222,0.487515,4875.15
223,0.487486,4874.86
224,0.48744600000000005,4874.46
225,0.487407,4874.07
226,0.4873680000000001,4873.68
227,0.487329,4873.29
228,0.48729,4872.9
229,0.4873390000000001,4873.39
230,0.48738800000000004,4873.88
231,0.4873390000000001,4873.39
232,0.487299,4872.99
233,0.4872600000000001,4872.6
234,0.487221,4872.21
235,0.487192,4871.92
236,0.48714300000000005,4871.43
237,0.48720100000000005,4872.01
238,0.48716200000000004,4871.62
239,0.487113,4871.13
240,0.487084,4870.84
241,0.487045,4870.45
242,0.487437,4874.37
243,0.48738800000000004,4873.88
244,0.48744600000000005,4874.46
245,0.487407,4874.07
246,0.487358,4873.58
247,0.487329,4873.29
248,0.48728000000000005,4872.8
249,0.48725,4872.5
250,0.48720100000000005,4872.01
251,0.487358,4873.58
252,0.487407,4874.07
253,0.4873680000000001,4873.68
254,0.487319,4873.19
255,0.48729,4872.9
256,0.48724100000000004,4872.41
257,0.487211,4872.11
258,0.48716200000000004,4871.62
259,0.487221,4872.21
260,0.48717200000000005,4871.72
261,0.48714300000000005,4871.43
262,0.48709399999999997,4870.94
263,0.48705400000000004,4870.54
264,0.48702500000000004,4870.25
265,0.486986,4869.86
266,0.486937,4869.37
267,0.4873390000000001,4873.39
268,0.487299,4872.99
269,0.4872600000000001,4872.6
270,0.48730900000000005,4873.09
271,0.4872600000000001,4872.6
272,0.487221,4872.21
273,0.487192,4871.92
274,0.4871520000000001,4871.52
275,0.487113,4871.13
276,0.48706400000000005,4870.64
277,0.48702500000000004,4870.25
278,0.48699600000000004,4869.96
279,0.48695600000000006,4869.56
280,0.48691700000000004,4869.17
281,0.486878,4868.78
282,0.4868390000000001,4868.39
283,0.4868,4868.0
284,0.4867600000000001,4867.6
285,0.486721,4867.21
286,0.486682,4866.82
287,0.487907,4879.07
288,0.4878680000000001,4878.68
289,0.487819,4878.19
290,0.48778000000000005,4877.8
291,0.48775,4877.5
292,0.487711,4877.11
293,0.48766200000000004,4876.62
294,0.48763300000000004,4876.33
295,0.488034,4880.34
296,0.48798500000000006,4879.85
297,0.48794600000000005,4879.46
298,0.487907,4879.07
299,0.4878680000000001,4878.68
300,0.48791700000000005,4879.17
301,0.487878,4878.78
302,0.48783800000000005,4878.38
303,0.487799,4877.99
304,0.4877600000000001,4877.6
305,0.487721,4877.21
306,0.487682,4876.82
307,0.488074,4880.74
308,0.488034,4880.34
309,0.48798500000000006,4879.85
310,0.48795600000000006,4879.56
311,0.48791700000000005,4879.17
312,0.4878680000000001,4878.68
313,0.48791700000000005,4879.17
314,0.487878,4878.78
315,0.487936,4879.36
316,0.487897,4878.97
317,0.487858,4878.58
318,0.48780900000000005,4878.09
319,0.48777,4877.7
320,0.487829,4878.29
321,0.4877890000000001,4877.89
322,0.48774,4877.4
323,0.487691,4876.91
324,0.487858,4878.58
325,0.487819,4878.19
326,0.4878680000000001,4878.68
327,0.487829,4878.29
328,0.48778000000000005,4877.8
329,0.48775,4877.5
330,0.487711,4877.11
331,0.4877600000000001,4877.6
332,0.487721,4877.21
333,0.48767200000000005,4876.72
334,0.48763300000000004,4876.33
335,0.487603,4876.03
336,0.48756400000000005,4875.64
337,0.48752500000000004,4875.25
338,0.487486,4874.86
339,0.48744600000000005,4874.46
340,0.487397,4873.97
341,0.4873680000000001,4873.68
342,0.487329,4873.29
343,0.487476,4874.76
344,0.487437,4874.37
345,0.487397,4873.97
346,0.487348,4873.48
347,0.48730900000000005,4873.09
348,0.487466,4874.66
349,0.48741700000000004,4874.17
350,0.487574,4875.74
351,0.48753500000000005,4875.35
352,0.487486,4874.86
353,0.487544,4875.44
354,0.48759300000000005,4875.93
355,0.48755400000000004,4875.54
356,0.48770100000000005,4877.01
357,0.4876520000000001,4876.52
358,0.487623,4876.23
359,0.48767200000000005,4876.72
360,0.48763300000000004,4876.33
361,0.48759300000000005,4875.93
362,0.487642,4876.42
363,0.487603,4876.03
364,0.48756400000000005,4875.64
365,0.487515,4875.15
366,0.487476,4874.76
367,0.487437,4874.37
368,0.487495,4874.95
369,0.48745600000000006,4874.56
370,0.48741700000000004,4874.17
371,0.487378,4873.78
372,0.487329,4873.29
373,0.48729,4872.9
374,0.4872600000000001,4872.6
375,0.487221,4872.21
376,0.48717200000000005,4871.72
377,0.48714300000000005,4871.43
378,0.487192,4871.92
379,0.48714300000000005,4871.43
380,0.487103,4871.03
381,0.487074,4870.74
382,0.48703500000000005,4870.35
383,0.48699600000000004,4869.96
384,0.48695600000000006,4869.56
385,0.487005,4870.05
386,0.486966,4869.66
387,0.48692700000000005,4869.27
388,0.486878,4868.78
389,0.487123,4871.23
390,0.487074,4870.74
391,0.48703500000000005,4870.35
392,0.48709399999999997,4870.94
393,0.487045,4870.45
394,0.487005,4870.05
395,0.486966,4869.66
396,0.486937,4869.37
397,0.486898,4868.98
398,0.486858,4868.58
399,0.486819,4868.19
400,0.48678000000000005,4867.8
401,0.48674100000000003,4867.41
402,0.486692,4866.92
403,0.48675100000000004,4867.51
404,0.486711,4867.11
405,0.48667200000000005,4866.72
406,0.48662299999999997,4866.23
407,0.48678000000000005,4867.8
408,0.48692700000000005,4869.27
409,0.48688800000000004,4868.88
410,0.486849,4868.49
411,0.48680900000000005,4868.09
412,0.48677,4867.7
413,0.4867310000000001,4867.31
414,0.48678000000000005,4867.8
415,0.486829,4868.29
416,0.48678000000000005,4867.8
417,0.48675100000000004,4867.51
418,0.486711,4867.11
419,0.48667200000000005,4866.72
420,0.48662299999999997,4866.23
421,0.48659399999999997,4865.94
422,0.486555,4865.55
423,0.486515,4865.15
424,0.486476,4864.76
425,0.486437,4864.37
426,0.486486,4864.86
427,0.486437,4864.37
428,0.48649600000000004,4864.96
429,0.486457,4864.57
430,0.48660400000000004,4866.04
431,0.486653,4866.53
432,0.4867020000000001,4867.02
433,0.48675100000000004,4867.51
434,0.4867020000000001,4867.02
435,0.48667200000000005,4866.72
436,0.48662299999999997,4866.23
437,0.48677,4867.7
438,0.4867310000000001,4867.31
439,0.486692,4866.92
440,0.486653,4866.53
441,0.486613,4866.13
442,0.4867600000000001,4867.6
443,0.486721,4867.21
444,0.486682,4866.82
445,0.48664300000000005,4866.43
446,0.48660400000000004,4866.04
447,0.48656400000000005,4865.64
448,0.48695600000000006,4869.56
449,0.48691700000000004,4869.17
450,0.486878,4868.78
451,0.4868390000000001,4868.39
452,0.4868,4868.0
453,0.48675100000000004,4867.51
454,0.486721,4867.21
455,0.486682,4866.82
456,0.48664300000000005,4866.43
457,0.48660400000000004,4866.04
458,0.486555,4865.55
459,0.48652500000000004,4865.25
460,0.486486,4864.86
461,0.4864470000000001,4864.47
462,0.486398,4863.98
463,0.4863680000000001,4863.68
464,0.486329,4863.29
465,0.48629,4862.9
466,0.48624100000000003,4862.41
467,0.48621200000000003,4862.12
468,0.48617200000000005,4861.72
469,0.48613300000000004,4861.33
470,0.48609399999999997,4860.94
471,0.486055,4860.55
472,0.486016,4860.16
473,0.485976,4859.76
474,0.485937,4859.37
475,0.485898,4858.98
476,0.486045,4860.45
477,0.486192,4861.92
478,0.48614300000000005,4861.43
479,0.48611400000000005,4861.14
480,0.48606499999999997,4860.65
481,0.48603500000000005,4860.35
482,0.48599600000000004,4859.96
483,0.485957,4859.57
484,0.48600600000000005,4860.06
485,0.485957,4859.57
486,0.48592700000000005,4859.27
487,0.485878,4858.78
488,0.48603500000000005,4860.35
489,0.486084,4860.84
490,0.48603500000000005,4860.35
491,0.48609399999999997,4860.94
492,0.486055,4860.55
493,0.486016,4860.16
494,0.485976,4859.76
495,0.485937,4859.37
496,0.485986,4859.86
497,0.485937,4859.37
498,0.48609399999999997,4860.94
499,0.486055,4860.55
500,0.48610400000000004,4861.04
501,0.486055,4860.55
502,0.48621200000000003,4862.12
503,0.48617200000000005,4861.72
504,0.48612299999999997,4861.23
505,0.48652500000000004,4865.25
506,0.486486,4864.86
507,0.486437,4864.37
508,0.486584,4865.84
509,0.486555,4865.55
510,0.48650600000000005,4865.06
511,0.48656400000000005,4865.64
512,0.48652500000000004,4865.25
513,0.486476,4864.76
514,0.48652500000000004,4865.25
515,0.48649600000000004,4864.96
516,0.486457,4864.57
517,0.486849,4868.49
518,0.48680900000000005,4868.09
519,0.4867600000000001,4867.6
520,0.486819,4868.19
521,0.48678000000000005,4867.8
522,0.48674100000000003,4867.41
523,0.486692,4866.92
524,0.486653,4866.53
525,0.486711,4867.11
526,0.48666200000000004,4866.62
527,0.48663300000000004,4866.33
528,0.486584,4865.84
529,0.486555,4865.55
530,0.48650600000000005,4865.06
531,0.486476,4864.76
532,0.486437,4864.37
533,0.486398,4863.98
534,0.48635900000000004,4863.59
535,0.486319,4863.19
536,0.48628000000000005,4862.8
537,0.48642700000000005,4864.27
538,0.486378,4863.78
539,0.4863390000000001,4863.39
540,0.48649600000000004,4864.96
541,0.486457,4864.57
542,0.48641700000000004,4864.17
543,0.486378,4863.78
544,0.4863390000000001,4863.39
545,0.486486,4864.86
546,0.4864470000000001,4864.47
547,0.486398,4863.98
548,0.48635900000000004,4863.59
549,0.4863100000000001,4863.1
550,0.48629,4862.9
551,0.48625100000000004,4862.51
552,0.4863,4863.0
553,0.486261,4862.61
554,0.486221,4862.21
555,0.48617200000000005,4861.72
556,0.48614300000000005,4861.43
557,0.48610400000000004,4861.04
558,0.48606499999999997,4860.65
559,0.48611400000000005,4861.14
560,0.48606499999999997,4860.65
561,0.486221,4862.21
562,0.486182,4861.82
563,0.48614300000000005,4861.43
564,0.48610400000000004,4861.04
565,0.48606499999999997,4860.65
566,0.486016,4860.16
567,0.485976,4859.76
568,0.485937,4859.37
569,0.48609399999999997,4860.94
570,0.486055,4860.55
571,0.48600600000000005,4860.06
572,0.485976,4859.76
573,0.485937,4859.37
574,0.48588800000000004,4858.88
575,0.4859470000000001,4859.47
576,0.485908,4859.08
577,0.485869,4858.69
578,0.48582000000000003,4858.2
579,0.4863100000000001,4863.1
580,0.48627,4862.7
581,0.486319,4863.19
582,0.48627,4862.7
583,0.48624100000000003,4862.41
584,0.4862020000000001,4862.02
585,0.486163,4861.63
586,0.48612299999999997,4861.23
587,0.486084,4860.84
588,0.48613300000000004,4861.33
589,0.48609399999999997,4860.94
590,0.486055,4860.55
591,0.486016,4860.16
592,0.48596700000000004,4859.67
593,0.485937,4859.37
594,0.485986,4859.86
595,0.485937,4859.37
596,0.48599600000000004,4859.96
597,0.4859470000000001,4859.47
598,0.48591800000000007,4859.18
599,0.48606499999999997,4860.65
600,0.48611400000000005,4861.14
601,0.486074,4860.74
602,0.48612299999999997,4861.23
603,0.486084,4860.84
604,0.486045,4860.45
605,0.48609399999999997,4860.94
606,0.486055,4860.55
607,0.48610400000000004,4861.04
608,0.48606499999999997,4860.65
609,0.486016,4860.16
610,0.485986,4859.86
611,0.485937,4859.37
612,0.485908,4859.08
613,0.48585900000000004,4858.59
614,0.48610400000000004,4861.04
615,0.48606499999999997,4860.65
616,0.48602500000000004,4860.25
617,0.486074,4860.74
618,0.48602500000000004,4860.25
619,0.486182,4861.82
620,0.48614300000000005,4861.43
621,0.486192,4861.92
622,0.486153,4861.53
623,0.4863,4863.0
624,0.486692,4866.92
625,0.486653,4866.53
626,0.4867020000000001,4867.02
627,0.486653,4866.53
628,0.48662299999999997,4866.23
629,0.48667200000000005,4866.72
630,0.48663300000000004,4866.33
631,0.48659399999999997,4865.94
632,0.486555,4865.55
633,0.486515,4865.15
634,0.486466,4864.66
635,0.486515,4865.15
636,0.486486,4864.86
637,0.4864470000000001,4864.47
638,0.486398,4863.98
639,0.486457,4864.57
640,0.486408,4864.08
641,0.486378,4863.78
642,0.486329,4863.29
643,0.48638800000000004,4863.88
644,0.486349,4863.49
645,0.4863100000000001,4863.1
646,0.48627,4862.7
647,0.486319,4863.19
648,0.48628000000000005,4862.8
649,0.48624100000000003,4862.41
650,0.4862020000000001,4862.02
651,0.486163,4861.63
652,0.48611400000000005,4861.14
653,0.486074,4860.74
654,0.48603500000000005,4860.35
655,0.48600600000000005,4860.06
656,0.48596700000000004,4859.67
657,0.48591800000000007,4859.18
658,0.485976,4859.76
659,0.4863680000000001,4863.68
660,0.486319,4863.19
661,0.486711,4867.11
662,0.486682,4866.82
663,0.48664300000000005,4866.43
664,0.48659399999999997,4865.94
665,0.486653,4866.53
666,0.486613,4866.13
667,0.486574,4865.74
668,0.48653500000000005,4865.35
669,0.48649600000000004,4864.96
670,0.4864470000000001,4864.47
671,0.486408,4864.08
672,0.486378,4863.78
673,0.4863390000000001,4863.39
674,0.48629,4862.9
675,0.486261,4862.61
676,0.486221,4862.21
677,0.486182,4861.82
678,0.4862310000000001,4862.31
679,0.486378,4863.78
680,0.48642700000000005,4864.27
681,0.486378,4863.78
682,0.4863390000000001,4863.39
683,0.4863100000000001,4863.1
684,0.48627,4862.7
685,0.486319,4863.19
686,0.48628000000000005,4862.8
687,0.48624100000000003,4862.41
688,0.4862020000000001,4862.02
689,0.48625100000000004,4862.51
690,0.48621200000000003,4862.12
691,0.48617200000000005,4861.72
692,0.48613300000000004,4861.33
693,0.48609399999999997,4860.94
694,0.486045,4860.45
695,0.486016,4860.16
696,0.485976,4859.76
697,0.48592700000000005,4859.27
698,0.485898,4858.98
699,0.48585900000000004,4858.59
700,0.48582000000000003,4858.2
701,0.48578000000000005,4857.8
702,0.4857310000000001,4857.31
703,0.485692,4856.92
704,0.485653,4856.53
705,0.48561400000000005,4856.14
706,0.48567299999999997,4856.73
707,0.485624,4856.24
708,0.485584,4855.84
709,0.485986,4859.86
710,0.4859470000000001,4859.47
711,0.485908,4859.08
712,0.48585900000000004,4858.59
713,0.48582000000000003,4858.2
714,0.48579,4857.9
715,0.48575100000000004,4857.51
716,0.4857020000000001,4857.02
717,0.48567299999999997,4856.73
718,0.48563300000000004,4856.33
719,0.485682,4856.82
720,0.48563300000000004,4856.33
721,0.48560400000000004,4856.04
722,0.48556499999999997,4855.65
723,0.48552600000000007,4855.26
724,0.485486,4854.86
725,0.4854470000000001,4854.47
726,0.485398,4853.98
727,0.485369,4853.69
728,0.48532000000000003,4853.2
729,0.48529,4852.9
730,0.48525100000000004,4852.51
731,0.48521200000000003,4852.12
732,0.48517299999999997,4851.73
733,0.48513400000000007,4851.34
734,0.48518300000000003,4851.83
735,0.48514300000000005,4851.43
736,0.48510400000000004,4851.04
737,0.48506499999999997,4850.65
738,0.48502600000000007,4850.26
739,0.484987,4849.87
740,0.48493900000000006,4849.39
741,0.48491000000000006,4849.1
742,0.484872,4848.72
743,0.484824,4848.24
744,0.484786,4847.86
745,0.484757,4847.57
746,0.48471800000000004,4847.18
747,0.484862,4848.62
748,0.4848140000000001,4848.14
749,0.484786,4847.86
750,0.48474700000000004,4847.47
751,0.484699,4846.99
752,0.484757,4847.57
753,0.48471800000000004,4847.18
754,0.48467,4846.7
755,0.484824,4848.24
756,0.484786,4847.86
757,0.48474700000000004,4847.47
758,0.48470900000000006,4847.09
759,0.484853,4848.53
760,0.48480500000000004,4848.05
761,0.48476600000000003,4847.66
762,0.48473800000000006,4847.38
763,0.484699,4846.99
764,0.48465100000000005,4846.51
765,0.48470900000000006,4847.09
766,0.48467,4846.7
767,0.484632,4846.32
768,0.48459399999999997,4845.94
769,0.48454600000000003,4845.46
770,0.484507,4845.07
771,0.484469,4844.69
772,0.48444,4844.4
773,0.48440200000000005,4844.02
774,0.48436300000000004,4843.63
775,0.484325,4843.25
776,0.484286,4842.86
777,0.48443,4844.3
778,0.48439200000000004,4843.92
779,0.48444,4844.4
780,0.484584,4845.84
781,0.48454600000000003,4845.46
782,0.484498,4844.98
783,0.484469,4844.69
784,0.48443,4844.3
785,0.48439200000000004,4843.92
786,0.48453599999999997,4845.36
787,0.484584,4845.84
788,0.484728,4847.28
789,0.48469,4846.9
790,0.48465100000000005,4846.51
791,0.484613,4846.13
792,0.484574,4845.74
793,0.48453599999999997,4845.36
794,0.484498,4844.98
795,0.48445000000000005,4844.5
796,0.484498,4844.98
797,0.48454600000000003,4845.46
798,0.48451700000000003,4845.17
799,0.484469,4844.69
800,0.48443,4844.3
801,0.484574,4845.74
802,0.48453599999999997,4845.36
803,0.484498,4844.98
804,0.48445000000000005,4844.5
805,0.48442100000000005,4844.21
806,0.484382,4843.82
807,0.484344,4843.44
808,0.48430600000000007,4843.06
809,0.484267,4842.67
810,0.484229,4842.29
811,0.484373,4843.73
812,0.484325,4843.25
813,0.484296,4842.96
814,0.484258,4842.58
815,0.484219,4842.19
816,0.484171,4841.71
817,0.484142,4841.42
818,0.48410400000000003,4841.04
819,0.484066,4840.66
820,0.48402700000000004,4840.27
821,0.483979,4839.79
822,0.48402700000000004,4840.27
823,0.483998,4839.98
824,0.48395000000000005,4839.5
825,0.4839220000000001,4839.22
826,0.48397,4839.7
827,0.48393100000000006,4839.31
828,0.483883,4838.83
829,0.483941,4839.41
830,0.4838930000000001,4838.93
831,0.48386400000000007,4838.64
832,0.483912,4839.12
833,0.483874,4838.74
834,0.48383500000000007,4838.35
835,0.483787,4837.87
836,0.483758,4837.58
837,0.48372,4837.2
838,0.483682,4836.82
839,0.48364300000000005,4836.43
840,0.483691,4836.91
841,0.48364300000000005,4836.43
842,0.483787,4837.87
843,0.48393100000000006,4839.31
844,0.483979,4839.79
845,0.483941,4839.41
846,0.48390200000000005,4839.02
847,0.483854,4838.54
848,0.48390200000000005,4839.02
849,0.483874,4838.74
850,0.4839220000000001,4839.22
851,0.483883,4838.83
852,0.48402700000000004,4840.27
853,0.48398900000000006,4839.89
854,0.48395000000000005,4839.5
855,0.483912,4839.12
856,0.483874,4838.74
857,0.48383500000000007,4838.35
858,0.48379700000000003,4837.97
859,0.483749,4837.49
860,0.48372,4837.2
861,0.483682,4836.82
862,0.48364300000000005,4836.43
863,0.48360500000000006,4836.05
864,0.483566,4835.66
865,0.483528,4835.28
866,0.48367200000000005,4836.72
867,0.483624,4836.24
868,0.483595,4835.95
869,0.48354700000000006,4835.47
870,0.483595,4835.95
871,0.483566,4835.66
872,0.483528,4835.28
873,0.48348,4834.8
874,0.48363400000000006,4836.34
875,0.483586,4835.86
876,0.48363400000000006,4836.34
877,0.483787,4837.87
878,0.48373900000000003,4837.39
879,0.48379700000000003,4837.97
880,0.483749,4837.49
881,0.48372,4837.2
882,0.48367200000000005,4836.72
883,0.48364300000000005,4836.43
884,0.483595,4835.95
885,0.48393100000000006,4839.31
886,0.483883,4838.83
887,0.483854,4838.54
888,0.48380600000000007,4838.06
889,0.48376800000000003,4837.68
890,0.48373000000000005,4837.3
891,0.48370100000000005,4837.01
892,0.483749,4837.49
893,0.4838930000000001,4838.93
894,0.483845,4838.45
895,0.48408500000000004,4840.85
896,0.48404600000000003,4840.46
897,0.484008,4840.08
898,0.48397,4839.7
899,0.4839220000000001,4839.22
900,0.4838930000000001,4838.93
901,0.483845,4838.45
902,0.4838930000000001,4838.93
903,0.48386400000000007,4838.64
904,0.483816,4838.16
905,0.483787,4837.87
906,0.48373900000000003,4837.39
907,0.4837100000000001,4837.1
908,0.48367200000000005,4836.72
909,0.483624,4836.24
910,0.483682,4836.82
911,0.48363400000000006,4836.34
912,0.483595,4835.95
913,0.483566,4835.66
914,0.483528,4835.28
915,0.48349,4834.9
916,0.483538,4835.38
917,0.48349,4834.9
918,0.483538,4835.38
919,0.483499,4834.99
920,0.48347,4834.7
921,0.483854,4838.54
922,0.48380600000000007,4838.06
923,0.48376800000000003,4837.68
924,0.48373900000000003,4837.39
925,0.48370100000000005,4837.01
926,0.48366200000000004,4836.62
927,0.483624,4836.24
928,0.483586,4835.86
929,0.48354700000000006,4835.47
930,0.483509,4835.09
931,0.483461,4834.61
932,0.483432,4834.32
933,0.48348,4834.8
934,0.48344200000000004,4834.42
935,0.48349,4834.9
936,0.48344200000000004,4834.42
937,0.48341300000000004,4834.13
938,0.483461,4834.61
939,0.4834220000000001,4834.22
940,0.483374,4833.74
941,0.48334600000000005,4833.46
942,0.483307,4833.07
943,0.483269,4832.69
944,0.48323000000000005,4832.3
945,0.483192,4831.92
946,0.48315400000000003,4831.54
947,0.48311499999999996,4831.15
948,0.483163,4831.63
949,0.483125,4831.25
950,0.483086,4830.86
951,0.483048,4830.48
952,0.483192,4831.92
953,0.48315400000000003,4831.54
954,0.48311499999999996,4831.15
955,0.4830770000000001,4830.77
956,0.483038,4830.38
957,0.483182,4831.82
958,0.48323000000000005,4832.3
959,0.483182,4831.82
960,0.483336,4833.36
961,0.483298,4832.98
962,0.48325900000000005,4832.59
963,0.483221,4832.21
964,0.483182,4831.82
965,0.48314399999999996,4831.44
966,0.483096,4830.96
967,0.483067,4830.67
968,0.48302900000000004,4830.29
969,0.48299,4829.9
970,0.48295200000000005,4829.52
971,0.48291400000000007,4829.14
972,0.482866,4828.66
973,0.48282700000000006,4828.27
974,0.4827890000000001,4827.89
975,0.4827600000000001,4827.6
976,0.48272200000000004,4827.22
977,0.48268300000000003,4826.83
978,0.48263500000000004,4826.35
979,0.48302900000000004,4830.29
980,0.48299,4829.9
981,0.48313400000000006,4831.34
982,0.483096,4830.96
983,0.48305800000000004,4830.58
984,0.483019,4830.19
985,0.48297100000000004,4829.71
986,0.48294200000000004,4829.42
987,0.482904,4829.04
988,0.48328800000000005,4832.88
989,0.48325,4832.5
990,0.483211,4832.11
991,0.48335500000000003,4833.55
992,0.48331700000000005,4833.17
993,0.483278,4832.78
994,0.48323000000000005,4832.3
995,0.483278,4832.78
996,0.48325,4832.5
997,0.4832020000000001,4832.02
998,0.483163,4831.63
999,0.48313400000000006,4831.34
1000,0.483096,4830.96
1001,0.483048,4830.48
1002,0.483019,4830.19
1003,0.48297100000000004,4829.71
1004,0.482933,4829.33
1005,0.48299,4829.9
1006,0.483038,4830.38
1007,0.483086,4830.86
1008,0.483038,4830.38
1009,0.483086,4830.86
1010,0.483048,4830.48
1011,0.4831060000000001,4831.06
1012,0.48315400000000003,4831.54
1013,0.48311499999999996,4831.15
1014,0.483067,4830.67
1015,0.48302900000000004,4830.29
1016,0.48300000000000004,4830.0
1017,0.483048,4830.48
1018,0.48301000000000005,4830.1
1019,0.48297100000000004,4829.71
1020,0.482933,4829.33
1021,0.482894,4828.94
1022,0.48284600000000005,4828.46
1023,0.482818,4828.18
1024,0.482779,4827.79
1025,0.48274100000000003,4827.41
1026,0.4827020000000001,4827.02
1027,0.482654,4826.54
1028,0.482808,4828.08
1029,0.48277000000000003,4827.7
1030,0.48272200000000004,4827.22
1031,0.48269300000000004,4826.93
1032,0.482654,4826.54
1033,0.4826060000000001,4826.06
1034,0.482578,4825.78
1035,0.48253900000000005,4825.39
1036,0.482491,4824.91
1037,0.482462,4824.62
1038,0.48251000000000005,4825.1
1039,0.48247200000000007,4824.72
1040,0.482424,4824.24
1041,0.482395,4823.95
1042,0.48244300000000007,4824.43
1043,0.482395,4823.95
1044,0.482366,4823.66
1045,0.482328,4823.28
1046,0.48229,4822.9
1047,0.48225100000000004,4822.51
1048,0.48221300000000006,4822.13
1049,0.482165,4821.65
1050,0.482136,4821.36
1051,0.48218400000000006,4821.84
1052,0.482136,4821.36
1053,0.48209799999999997,4820.98
1054,0.48206899999999997,4820.69
1055,0.48203,4820.3
1056,0.482078,4820.78
1057,0.48212600000000005,4821.26
1058,0.482088,4820.88
1059,0.48205000000000003,4820.5
1060,0.48200200000000004,4820.02
1061,0.481973,4819.73
1062,0.48192500000000005,4819.25
1063,0.48189600000000005,4818.96
1064,0.481848,4818.48
1065,0.481819,4818.19
1066,0.48178100000000007,4817.81
1067,0.481742,4817.42
1068,0.481704,4817.04
1069,0.4816560000000001,4816.56
1070,0.48161800000000005,4816.18
1071,0.48158900000000004,4815.89
1072,0.48155000000000003,4815.5
1073,0.481512,4815.12
1074,0.481474,4814.74
1075,0.48143500000000006,4814.35
1076,0.481387,4813.87
1077,0.481358,4813.58
1078,0.48132,4813.2
1079,0.481282,4812.82
1080,0.48123400000000005,4812.34
1081,0.481291,4812.91
1082,0.48124300000000003,4812.43
1083,0.48121400000000003,4812.14
1084,0.481166,4811.66
1085,0.481138,4811.38
1086,0.48108999999999996,4810.9
1087,0.48114700000000005,4811.47
1088,0.48110900000000006,4811.09
1089,0.48107,4810.7
1090,0.481032,4810.32
1091,0.480994,4809.94
1092,0.481042,4810.42
1093,0.481003,4810.03
1094,0.480965,4809.65
1095,0.48110900000000006,4811.09
1096,0.481061,4810.61
1097,0.481032,4810.32
1098,0.48108000000000006,4810.8
1099,0.481042,4810.42
1100,0.48108999999999996,4810.9
1101,0.481138,4811.38
1102,0.481099,4810.99
1103,0.481061,4810.61
1104,0.48102200000000006,4810.22
1105,0.480984,4809.84
1106,0.48094600000000004,4809.46
1107,0.480907,4809.07
1108,0.48085900000000004,4808.59
1109,0.48083000000000004,4808.3
1110,0.480782,4807.82
1111,0.48084,4808.4
1112,0.48080200000000006,4808.02
1113,0.48076300000000005,4807.63
1114,0.480725,4807.25
1115,0.480686,4806.86
1116,0.480638,4806.38
1117,0.48061000000000004,4806.1
1118,0.480571,4805.71
1119,0.480523,4805.23
1120,0.480494,4804.94
1121,0.480542,4805.42
1122,0.48050400000000004,4805.04
1123,0.48045600000000005,4804.56
1124,0.48041800000000007,4804.18
1125,0.480379,4803.79
1126,0.48053300000000004,4805.33
1127,0.480494,4804.94
1128,0.48045600000000005,4804.56
1129,0.48041800000000007,4804.18
1130,0.480379,4803.79
1131,0.48033100000000006,4803.31
1132,0.48030200000000006,4803.02
1133,0.48035,4803.5
1134,0.48030200000000006,4803.02
1135,0.480274,4802.74
1136,0.4802350000000001,4802.35
1137,0.48019700000000004,4801.97
1138,0.480341,4803.41
1139,0.48030200000000006,4803.02
1140,0.4802640000000001,4802.64
1141,0.48021600000000003,4802.16
1142,0.48037,4803.7
1143,0.480322,4803.22
1144,0.480379,4803.79
1145,0.480341,4803.41
1146,0.48030200000000006,4803.02
1147,0.4802640000000001,4802.64
1148,0.480312,4803.12
1149,0.480274,4802.74
1150,0.4802350000000001,4802.35
1151,0.48018700000000003,4801.87
1152,0.48015800000000003,4801.58
1153,0.48012,4801.2
1154,0.480082,4800.82
1155,0.48004300000000005,4800.43
1156,0.480005,4800.05
1157,0.480053,4800.53
1158,0.48001400000000005,4800.14
1159,0.47997600000000007,4799.76
1160,0.47993800000000003,4799.38
1161,0.479899,4798.99
1162,0.479861,4798.61
1163,0.480005,4800.05
1164,0.479966,4799.66
1165,0.47991800000000007,4799.18
1166,0.47997600000000007,4799.76
1167,0.479928,4799.28
1168,0.47989,4798.9
1169,0.479861,4798.61
1170,0.480005,4800.05
1171,0.480053,4800.53
1172,0.48010100000000006,4801.01
1173,0.480149,4801.49
1174,0.48011000000000004,4801.1
1175,0.480254,4802.54
1176,0.480638,4806.38
1177,0.4806,4806.0
1178,0.4805520000000001,4805.52
1179,0.480523,4805.23
1180,0.48048500000000005,4804.85
1181,0.48044600000000004,4804.46
1182,0.480408,4804.08
1183,0.48036000000000006,4803.6
1184,0.4806,4806.0
1185,0.48064799999999996,4806.48
1186,0.4806,4806.0
1187,0.48065800000000003,4806.58
1188,0.48061899999999996,4806.19
1189,0.480667,4806.67
1190,0.48062900000000003,4806.29
1191,0.48058999999999996,4805.9
1192,0.480542,4805.42
1193,0.48050400000000004,4805.04
1194,0.480466,4804.66
1195,0.48061899999999996,4806.19
1196,0.48058100000000004,4805.81
1197,0.480542,4805.42
1198,0.480494,4804.94
1199,0.480638,4806.38
1200,0.48058999999999996,4805.9
1201,0.480562,4805.62
1202,0.48061000000000004,4806.1
1203,0.480571,4805.71
1204,0.48053300000000004,4805.33
1205,0.480494,4804.94
1206,0.48045600000000005,4804.56
1207,0.480408,4804.08
1208,0.480379,4803.79
1209,0.480341,4803.41
1210,0.480293,4802.93
1211,0.4802640000000001,4802.64
1212,0.48022600000000004,4802.26
1213,0.48018700000000003,4801.87
1214,0.48013900000000004,4801.39
1215,0.48010100000000006,4801.01
1216,0.48007200000000005,4800.72
1217,0.480034,4800.34
1218,0.479995,4799.95
1219,0.47995699999999997,4799.57
1220,0.47991800000000007,4799.18
1221,0.479966,4799.66
1222,0.47991800000000007,4799.18
1223,0.47989,4798.9
1224,0.479851,4798.51
1225,0.479995,4799.95
1226,0.480379,4803.79
1227,0.48033100000000006,4803.31
1228,0.48030200000000006,4803.02
1229,0.48035,4803.5
1230,0.48030200000000006,4803.02
1231,0.4802640000000001,4802.64
1232,0.4802350000000001,4802.35
1233,0.48019700000000004,4801.97
1234,0.48015800000000003,4801.58
1235,0.4802060000000001,4802.06
1236,0.48016800000000004,4801.68
1237,0.48013000000000006,4801.3
1238,0.480082,4800.82
1239,0.48004300000000005,4800.43
1240,0.48001400000000005,4800.14
1241,0.47997600000000007,4799.76
1242,0.47993800000000003,4799.38
1243,0.479899,4798.99
1244,0.479861,4798.61
1245,0.47981300000000005,4798.13
1246,0.4802060000000001,4802.06
1247,0.48015800000000003,4801.58
1248,0.48013000000000006,4801.3
1249,0.480082,4800.82
1250,0.48004300000000005,4800.43
1251,0.480091,4800.91
1252,0.480062,4800.62
1253,0.480024,4800.24
1254,0.47998599999999997,4799.86
1255,0.47994700000000007,4799.47
1256,0.47990900000000003,4799.09
1257,0.47995699999999997,4799.57
1258,0.47990900000000003,4799.09
1259,0.47987,4798.7
1260,0.479832,4798.32
1261,0.479803,4798.03
1262,0.479765,4797.65
1263,0.47972600000000004,4797.26
1264,0.47968800000000006,4796.88
1265,0.47965,4796.5
1266,0.479611,4796.11
1267,0.47965900000000006,4796.59
1268,0.479621,4796.21
1269,0.479582,4795.82
1270,0.479534,4795.34
1271,0.47950600000000004,4795.06
1272,0.47946700000000003,4794.67
1273,0.479611,4796.11
1274,0.47957299999999997,4795.73
1275,0.479534,4795.34
1276,0.479582,4795.82
1277,0.47954399999999997,4795.44
1278,0.47950600000000004,4795.06
1279,0.47946700000000003,4794.67
1280,0.479419,4794.19
1281,0.47939,4793.9
1282,0.47934200000000005,4793.42
1283,0.479304,4793.04
1284,0.479275,4792.75
1285,0.479323,4793.23
1286,0.47928500000000007,4792.85
1287,0.479246,4792.46
1288,0.479208,4792.08
1289,0.47917,4791.7
1290,0.4791310000000001,4791.31
1291,0.47909300000000005,4790.93
1292,0.479141,4791.41
1293,0.47909300000000005,4790.93
1294,0.47906400000000005,4790.64
1295,0.47902600000000006,4790.26
1296,0.47917,4791.7
1297,0.4791310000000001,4791.31
1298,0.47909300000000005,4790.93
1299,0.47905400000000004,4790.54
1300,0.479016,4790.16
1301,0.478978,4789.78
1302,0.47893900000000006,4789.39
1303,0.478901,4789.01
1304,0.478862,4788.62
1305,0.4788140000000001,4788.14
1306,0.478786,4787.86
1307,0.47874700000000003,4787.47
1308,0.47870900000000005,4787.09
1309,0.47867,4786.7
1310,0.47871800000000003,4787.18
1311,0.47867,4786.7
1312,0.478642,4786.42
1313,0.478603,4786.03
1314,0.47856499999999996,4785.65
1315,0.478517,4785.17
1316,0.478488,4784.88
1317,0.47845000000000004,4784.5
1318,0.47859399999999996,4785.94
1319,0.47855500000000006,4785.55
1320,0.478517,4785.17
1321,0.478469,4784.69
1322,0.479045,4790.45
1323,0.47900600000000004,4790.06
1324,0.478958,4789.58
1325,0.47893,4789.3
1326,0.478882,4788.82
1327,0.4788430000000001,4788.43
1328,0.478987,4789.87
1329,0.479045,4790.45
1330,0.47900600000000004,4790.06
1331,0.47896800000000006,4789.68
1332,0.47911200000000004,4791.12
1333,0.479074,4790.74
1334,0.47903500000000004,4790.35
1335,0.478987,4789.87
1336,0.478949,4789.49
1337,0.47891000000000006,4789.1
1338,0.478882,4788.82
1339,0.47883400000000004,4788.34
1340,0.47880500000000004,4788.05
1341,0.478949,4789.49
1342,0.47891000000000006,4789.1
1343,0.4788720000000001,4788.72
1344,0.478824,4788.24
1345,0.478795,4787.95
1346,0.478757,4787.57
1347,0.47871800000000003,4787.18
1348,0.47867,4786.7
1349,0.478642,4786.42
1350,0.478603,4786.03
1351,0.47855500000000006,4785.55
1352,0.47975500000000004,4797.55
1353,0.47981300000000005,4798.13
1354,0.479765,4797.65
1355,0.47972600000000004,4797.26
1356,0.48012,4801.2
1357,0.48007200000000005,4800.72
1358,0.480034,4800.34
1359,0.480005,4800.05
1360,0.479966,4799.66
1361,0.479928,4799.28
1362,0.47989,4798.9
1363,0.47984200000000005,4798.42
1364,0.479899,4798.99
1365,0.479861,4798.61
1366,0.479822,4798.22
1367,0.47978400000000004,4797.84
1368,0.479746,4797.46
1369,0.47969799999999996,4796.98
1370,0.47966899999999996,4796.69
1371,0.47963000000000006,4796.3
1372,0.479592,4795.92
1373,0.47964,4796.4
1374,0.4796020000000001,4796.02
1375,0.479563,4795.63
1376,0.479611,4796.11
1377,0.47965900000000006,4796.59
1378,0.479621,4796.21
1379,0.479582,4795.82
1380,0.47963000000000006,4796.3
1381,0.479678,4796.78
1382,0.47964,4796.4
1383,0.4796020000000001,4796.02
1384,0.479563,4795.63
1385,0.479611,4796.11
1386,0.47975500000000004,4797.55
1387,0.479707,4797.07
1388,0.479678,4796.78
1389,0.47964,4796.4
1390,0.4796020000000001,4796.02
1391,0.47965,4796.5
1392,0.479794,4797.94
1393,0.47975500000000004,4797.55
1394,0.479717,4797.17
1395,0.479678,4796.78
1396,0.47964,4796.4
1397,0.4796020000000001,4796.02
1398,0.479563,4795.63
1399,0.47951499999999997,4795.15
1400,0.47957299999999997,4795.73
1401,0.479717,4797.17
1402,0.47966899999999996,4796.69
1403,0.47964,4796.4
1404,0.479592,4795.92
1405,0.479746,4797.46
1406,0.479707,4797.07
1407,0.47966899999999996,4796.69
1408,0.47963000000000006,4796.3
1409,0.479678,4796.78
1410,0.47972600000000004,4797.26
1411,0.47968800000000006,4796.88
1412,0.47964,4796.4
1413,0.479611,4796.11
1414,0.47975500000000004,4797.55
1415,0.479717,4797.17
1416,0.479678,4796.78
1417,0.47964,4796.4
1418,0.479592,4795.92
1419,0.479563,4795.63
1420,0.47952500000000003,4795.25
1421,0.47948599999999997,4794.86
1422,0.479448,4794.48
1423,0.47940000000000005,4794.0
1424,0.47937100000000005,4793.71
1425,0.479323,4793.23
1426,0.479294,4792.94
1427,0.47943800000000003,4794.38
1428,0.47939,4793.9
1429,0.479362,4793.62
1430,0.479323,4793.23
1431,0.47928500000000007,4792.85
1432,0.479237,4792.37
1433,0.47919799999999996,4791.98
1434,0.4791600000000001,4791.6
1435,0.4791310000000001,4791.31
1436,0.47909300000000005,4790.93
1437,0.47905400000000004,4790.54
1438,0.479016,4790.16
1439,0.478978,4789.78
1440,0.47902600000000006,4790.26
1441,0.478987,4789.87
1442,0.47903500000000004,4790.35
1443,0.478987,4789.87
1444,0.479141,4791.41
1445,0.47909300000000005,4790.93
1446,0.47906400000000005,4790.64
1447,0.47902600000000006,4790.26
1448,0.478987,4789.87
1449,0.478949,4789.49
1450,0.47891000000000006,4789.1
1451,0.4788720000000001,4788.72
1452,0.478824,4788.24
1453,0.478795,4787.95
1454,0.4788430000000001,4788.43
1455,0.478795,4787.95
1456,0.478766,4787.66
1457,0.478728,4787.28
1458,0.47877600000000003,4787.76
1459,0.47873800000000005,4787.38
1460,0.478699,4786.99
1461,0.47865100000000005,4786.51
1462,0.478795,4787.95
1463,0.478766,4787.66
1464,0.4788140000000001,4788.14
1465,0.47919799999999996,4791.98
1466,0.4791600000000001,4791.6
1467,0.479208,4792.08
1468,0.47917,4791.7
1469,0.47912200000000005,4791.22
1470,0.47909300000000005,4790.93
1471,0.47905400000000004,4790.54
1472,0.47900600000000004,4790.06
1473,0.478978,4789.78
1474,0.47893900000000006,4789.39
1475,0.478901,4789.01
1476,0.478862,4788.62
1477,0.4788140000000001,4788.14
1478,0.478862,4788.62
1479,0.47883400000000004,4788.34
1480,0.478786,4787.86
1481,0.4788430000000001,4788.43
1482,0.47880500000000004,4788.05
1483,0.478757,4787.57
1484,0.478728,4787.28
1485,0.47869,4786.9
1486,0.47865100000000005,4786.51
1487,0.478603,4786.03
1488,0.47855500000000006,4785.55
1489,0.47870900000000005,4787.09
1490,0.47868000000000005,4786.8
1491,0.478642,4786.42
1492,0.478603,4786.03
1493,0.47855500000000006,4785.55
1494,0.47852600000000006,4785.26
1495,0.478488,4784.88
1496,0.47845000000000004,4784.5
1497,0.478411,4784.11
1498,0.478373,4783.73
1499,0.47833400000000004,4783.34
1500,0.478382,4783.82
1501,0.478344,4783.44
1502,0.47830600000000006,4783.06
1503,0.47826700000000005,4782.67
1504,0.478229,4782.29
1505,0.47819,4781.9
1506,0.47823800000000005,4782.38
1507,0.478382,4783.82
1508,0.47833400000000004,4783.34
1509,0.47830600000000006,4783.06
1510,0.47826700000000005,4782.67
1511,0.478219,4782.19
1512,0.47819,4781.9
1513,0.478142,4781.42
1514,0.47810400000000003,4781.04
1515,0.47805600000000004,4780.56
1516,0.47811400000000004,4781.14
1517,0.47808500000000004,4780.85
1518,0.478046,4780.46
1519,0.478008,4780.08
1520,0.47796000000000005,4779.6
1521,0.47793100000000005,4779.31
1522,0.47789300000000007,4778.93
1523,0.477854,4778.54
1524,0.47790200000000005,4779.02
1525,0.47786400000000007,4778.64
1526,0.47782600000000003,4778.26
1527,0.477778,4777.78
1528,0.47783500000000007,4778.35
1529,0.477797,4777.97
1530,0.477758,4777.58
1531,0.478142,4781.42
1532,0.47819,4781.9
1533,0.4781520000000001,4781.52
1534,0.47811400000000004,4781.14
1535,0.478075,4780.75
1536,0.478219,4782.19
1537,0.4781810000000001,4781.81
1538,0.478142,4781.42
1539,0.47810400000000003,4781.04
1540,0.47805600000000004,4780.56
1541,0.47801800000000005,4780.18
1542,0.478411,4784.11
1543,0.47836300000000004,4783.63
1544,0.478325,4783.25
1545,0.478296,4782.96
1546,0.478258,4782.58
1547,0.478219,4782.19
1548,0.4781810000000001,4781.81
1549,0.478142,4781.42
1550,0.47809399999999996,4780.94
1551,0.478066,4780.66
1552,0.4780270000000001,4780.27
1553,0.47798900000000005,4779.89
1554,0.47795000000000004,4779.5
1555,0.477912,4779.12
1556,0.477874,4778.74
1557,0.47783500000000007,4778.35
1558,0.477797,4777.97
1559,0.477749,4777.49
1560,0.47772,4777.2
1561,0.47767200000000004,4776.72
1562,0.47772,4777.2
1563,0.47769100000000003,4776.91
1564,0.477653,4776.53
1565,0.47760500000000006,4776.05
1566,0.47757600000000006,4775.76
1567,0.477624,4776.24
1568,0.477586,4775.86
1569,0.47763400000000006,4776.34
1570,0.477586,4775.86
1571,0.47764300000000004,4776.43
1572,0.47760500000000006,4776.05
1573,0.477566,4775.66
1574,0.477528,4775.28
1575,0.47748999999999997,4774.9
1576,0.47745100000000007,4774.51
1577,0.477403,4774.03
1578,0.477374,4773.74
1579,0.477336,4773.36
1580,0.477298,4772.98
1581,0.47725900000000004,4772.59
1582,0.477221,4772.21
1583,0.477182,4771.82
1584,0.47714399999999996,4771.44
1585,0.4771060000000001,4771.06
1586,0.477067,4770.67
1587,0.47702900000000004,4770.29
1588,0.47698999999999997,4769.9
1589,0.47695200000000004,4769.52
1590,0.47691400000000006,4769.14
1591,0.47687500000000005,4768.75
1592,0.476837,4768.37
1593,0.476798,4767.98
1594,0.4767600000000001,4767.6
1595,0.476712,4767.12
1596,0.476674,4766.74
1597,0.4766350000000001,4766.35
1598,0.4766060000000001,4766.06
1599,0.47655800000000004,4765.58
1600,0.47652,4765.2
1601,0.476578,4765.78
1602,0.47653900000000005,4765.39
1603,0.47650100000000006,4765.01
1604,0.476549,4765.49
1605,0.47650100000000006,4765.01
1606,0.47647200000000006,4764.72
1607,0.47652,4765.2
1608,0.476482,4764.82
1609,0.47653000000000006,4765.3
1610,0.476491,4764.91
1611,0.476453,4764.53
1612,0.47650100000000006,4765.01
1613,0.476462,4764.62
1614,0.476424,4764.24
1615,0.476376,4763.76
1616,0.4763470000000001,4763.47
1617,0.47629900000000003,4762.99
1618,0.47627,4762.7
1619,0.476232,4762.32
1620,0.476194,4761.94
1621,0.47615500000000005,4761.55
1622,0.476107,4761.07
1623,0.476078,4760.78
1624,0.47603999999999996,4760.4
1625,0.4760020000000001,4760.02
1626,0.47595400000000004,4759.54
1627,0.47592500000000004,4759.25
1628,0.475886,4758.86
1629,0.47583800000000004,4758.38
1630,0.47581000000000007,4758.1
1631,0.475771,4757.71
1632,0.475733,4757.33
1633,0.47578100000000006,4757.81
1634,0.47574200000000005,4757.42
1635,0.47579,4757.9
1636,0.47574200000000005,4757.42
1637,0.47579,4757.9
1638,0.47575200000000006,4757.52
1639,0.4757140000000001,4757.14
1640,0.475858,4758.58
1641,0.475829,4758.29
1642,0.47578100000000006,4757.81
1643,0.47575200000000006,4757.52
1644,0.4757140000000001,4757.14
1645,0.475675,4756.75
1646,0.4756270000000001,4756.27
1647,0.4756850000000001,4756.85
1648,0.475646,4756.46
1649,0.47560800000000003,4756.08
1650,0.47557,4755.7
1651,0.47553100000000004,4755.31
1652,0.475675,4756.75
1653,0.47563700000000003,4756.37
1654,0.47559799999999997,4755.98
1655,0.47555000000000003,4755.5
1656,0.47552200000000006,4755.22
1657,0.475483,4754.83
1658,0.475445,4754.45
1659,0.47540600000000005,4754.06
1660,0.475358,4753.58
1661,0.47533000000000003,4753.3
1662,0.475291,4752.91
1663,0.475253,4752.53
1664,0.47520500000000004,4752.05
1665,0.475262,4752.62
1666,0.475224,4752.24
1667,0.475186,4751.86
1668,0.47513800000000006,4751.38
1669,0.475099,4750.99
1670,0.475157,4751.57
1671,0.47511800000000004,4751.18
1672,0.47508000000000006,4750.8
1673,0.475042,4750.42
1674,0.475003,4750.03
1675,0.47496499999999997,4749.65
1676,0.47492700000000004,4749.27
1677,0.47489,4748.9
1678,0.47484300000000007,4748.43
1679,0.474815,4748.15
1680,0.47477700000000006,4747.77
1681,0.47474,4747.4
1682,0.47470200000000007,4747.02
1683,0.474665,4746.65
1684,0.47461800000000004,4746.18
1685,0.474674,4746.74
1686,0.4746270000000001,4746.27
1687,0.47477700000000006,4747.77
1688,0.47474,4747.4
1689,0.47470200000000007,4747.02
1690,0.474665,4746.65
1691,0.4746270000000001,4746.27
1692,0.47458900000000004,4745.89
1693,0.4745520000000001,4745.52
1694,0.474599,4745.99
1695,0.474561,4745.61
1696,0.474524,4745.24
1697,0.47448599999999996,4744.86
1698,0.47443900000000006,4744.39
1699,0.47441099999999997,4744.11
1700,0.47436400000000006,4743.64
1701,0.47450500000000007,4745.05
1702,0.4745520000000001,4745.52
1703,0.47451400000000005,4745.14
1704,0.4744770000000001,4744.77
1705,0.47443,4744.3
1706,0.474401,4744.01
1707,0.474354,4743.54
1708,0.47431700000000004,4743.17
1709,0.474373,4743.73
1710,0.474336,4743.36
1711,0.47428900000000007,4742.89
1712,0.47426000000000007,4742.6
1713,0.474223,4742.23
1714,0.4741850000000001,4741.85
1715,0.47414799999999996,4741.48
1716,0.47411000000000003,4741.1
1717,0.47407200000000005,4740.72
1718,0.47403500000000004,4740.35
1719,0.47399700000000006,4739.97
1720,0.47396000000000005,4739.6
1721,0.474007,4740.07
1722,0.473969,4739.69
1723,0.47411000000000003,4741.1
1724,0.474063,4740.63
1725,0.47403500000000004,4740.35
1726,0.47417600000000004,4741.76
1727,0.47413800000000006,4741.38
1728,0.47410100000000005,4741.01
1729,0.474063,4740.63
1730,0.47411000000000003,4741.1
1731,0.474063,4740.63
1732,0.47411000000000003,4741.1
1733,0.47407200000000005,4740.72
1734,0.47404399999999997,4740.44
1735,0.474007,4740.07
1736,0.473969,4739.69
1737,0.47393100000000005,4739.31
1738,0.473884,4738.84
1739,0.47427,4742.7
1740,0.474232,4742.32
1741,0.4741850000000001,4741.85
1742,0.47424200000000005,4742.42
1743,0.47428900000000007,4742.89
1744,0.47424200000000005,4742.42
1745,0.47421300000000005,4742.13
1746,0.47538800000000003,4753.88
1747,0.475528,4755.28
1748,0.47548999999999997,4754.9
1749,0.47545100000000007,4754.51
1750,0.47541300000000003,4754.13
1751,0.475374,4753.74
1752,0.475336,4753.36
1753,0.475298,4752.98
1754,0.47525900000000004,4752.59
1755,0.475403,4754.03
1756,0.475365,4753.65
1757,0.475326,4753.26
1758,0.47528800000000004,4752.88
1759,0.47525,4752.5
1760,0.475211,4752.11
1761,0.47517299999999996,4751.73
1762,0.47513400000000006,4751.34
1763,0.475182,4751.82
1764,0.47513400000000006,4751.34
1765,0.4751060000000001,4751.06
1766,0.475067,4750.67
1767,0.47501899999999997,4750.19
1768,0.475067,4750.67
1769,0.475221,4752.21
1770,0.475182,4751.82
1771,0.475326,4753.26
1772,0.47528800000000004,4752.88
1773,0.475336,4753.36
1774,0.475298,4752.98
1775,0.47525900000000004,4752.59
1776,0.475221,4752.21
1777,0.47517299999999996,4751.73
1778,0.47513400000000006,4751.34
1779,0.4751060000000001,4751.06
1780,0.475067,4750.67
1781,0.47502900000000003,4750.29
1782,0.47498999999999997,4749.9
1783,0.474953,4749.53
1784,0.47490600000000005,4749.06
1785,0.474878,4748.78
1786,0.47483100000000006,4748.31
1787,0.475066,4750.66
1788,0.475028,4750.28
1789,0.47498,4749.8
1790,0.47494200000000003,4749.42
1791,0.474904,4749.04
1792,0.47486700000000004,4748.67
1793,0.474916,4749.16
1794,0.47488800000000003,4748.88
1795,0.474841,4748.41
1796,0.474803,4748.03
1797,0.474775,4747.75
1798,0.474737,4747.37
1799,0.4747,4747.0
1800,0.474653,4746.53
1801,0.474625,4746.25
1802,0.474766,4747.66
1803,0.474719,4747.19
1804,0.474869,4748.69
1805,0.47483100000000006,4748.31
1806,0.474794,4747.94
1807,0.47475600000000007,4747.56
1808,0.474719,4747.19
1809,0.4746810000000001,4746.81
1810,0.47464300000000004,4746.43
1811,0.474596,4745.96
1812,0.47456800000000005,4745.68
1813,0.474615,4746.15
1814,0.47475600000000007,4747.56
1815,0.474803,4748.03
1816,0.474766,4747.66
1817,0.474728,4747.28
1818,0.47469,4746.9
1819,0.474653,4746.53
1820,0.474615,4746.15
1821,0.474578,4745.78
1822,0.47453999999999996,4745.4
1823,0.47449300000000005,4744.93
1824,0.47446499999999997,4744.65
1825,0.47441800000000006,4744.18
1826,0.474803,4748.03
1827,0.474775,4747.75
1828,0.474728,4747.28
1829,0.47469,4746.9
1830,0.47464300000000004,4746.43
1831,0.47469,4746.9
1832,0.474653,4746.53
1833,0.474625,4746.25
1834,0.47458700000000004,4745.87
1835,0.474728,4747.28
1836,0.47469,4746.9
1837,0.474653,4746.53
1838,0.4747,4747.0
1839,0.47466200000000003,4746.62
1840,0.474625,4746.25
1841,0.47458700000000004,4745.87
1842,0.474549,4745.49
1843,0.474512,4745.12
1844,0.47455900000000006,4745.59
1845,0.474512,4745.12
1846,0.474474,4744.74
1847,0.47444600000000003,4744.46
1848,0.47449300000000005,4744.93
1849,0.474455,4744.55
1850,0.47441800000000006,4744.18
1851,0.47437100000000004,4743.71
1852,0.4746060000000001,4746.06
1853,0.47456800000000005,4745.68
1854,0.474615,4746.15
1855,0.474578,4745.78
1856,0.47453999999999996,4745.4
1857,0.4745020000000001,4745.02
1858,0.47446499999999997,4744.65
1859,0.47441800000000006,4744.18
1860,0.47438,4743.8
1861,0.474521,4745.21
1862,0.474484,4744.84
1863,0.47453100000000004,4745.31
1864,0.474484,4744.84
1865,0.474455,4744.55
1866,0.47441800000000006,4744.18
1867,0.47438,4743.8
1868,0.47555500000000006,4755.55
1869,0.475507,4755.07
1870,0.475741,4757.41
1871,0.47569300000000003,4756.93
1872,0.47566400000000003,4756.64
1873,0.47562600000000005,4756.26
1874,0.47558700000000004,4755.87
1875,0.475549,4755.49
1876,0.47550100000000006,4755.01
1877,0.47547200000000006,4754.72
1878,0.47552,4755.2
1879,0.47547200000000006,4754.72
1880,0.47544300000000006,4754.43
1881,0.475395,4753.95
1882,0.475357,4753.57
1883,0.475415,4754.15
1884,0.475376,4753.76
1885,0.47533800000000004,4753.38
1886,0.475482,4754.82
1887,0.47544300000000006,4754.43
1888,0.475405,4754.05
1889,0.47536700000000004,4753.67
1890,0.475328,4753.28
1891,0.47529,4752.9
1892,0.47525100000000003,4752.51
1893,0.47521300000000005,4752.13
1894,0.475175,4751.75
1895,0.47555900000000007,4755.59
1896,0.47552,4755.2
1897,0.475482,4754.82
1898,0.475434,4754.34
1899,0.475405,4754.05
1900,0.47536700000000004,4753.67
1901,0.475328,4753.28
1902,0.47529,4752.9
1903,0.47525100000000003,4752.51
1904,0.47521300000000005,4752.13
1905,0.475175,4751.75
1906,0.475136,4751.36
1907,0.47528000000000004,4752.8
1908,0.47524200000000005,4752.42
1909,0.475203,4752.03
1910,0.47525100000000003,4752.51
1911,0.47521300000000005,4752.13
1912,0.475261,4752.61
1913,0.475223,4752.23
1914,0.47518400000000005,4751.84
1915,0.475146,4751.46
1916,0.475107,4751.07
1917,0.47506899999999996,4750.69
1918,0.47503100000000004,4750.31
1919,0.474992,4749.92
1920,0.474955,4749.55
1921,0.474908,4749.08
1922,0.47487,4748.7
1923,0.47501499999999997,4750.15
1924,0.4749770000000001,4749.77
1925,0.47493900000000006,4749.39
1926,0.47509,4750.9
1927,0.47505100000000006,4750.51
1928,0.475003,4750.03
1929,0.47496499999999997,4749.65
1930,0.474937,4749.37
1931,0.474899,4748.99
1932,0.47504399999999997,4750.44
1933,0.47500600000000004,4750.06
1934,0.47496700000000003,4749.67
1935,0.47492,4749.2
1936,0.475061,4750.61
1937,0.475023,4750.23
1938,0.47499399999999997,4749.94
1939,0.47495600000000004,4749.56
1940,0.47510100000000005,4751.01
1941,0.475149,4751.49
1942,0.47511000000000003,4751.1
1943,0.47507200000000005,4750.72
1944,0.47503300000000004,4750.33
1945,0.474995,4749.95
1946,0.474958,4749.58
1947,0.475103,4751.03
1948,0.47515100000000005,4751.51
1949,0.475103,4751.03
1950,0.47507299999999997,4750.73
1951,0.47503500000000004,4750.35
1952,0.474987,4749.87
1953,0.474959,4749.59
1954,0.474912,4749.12
1955,0.47497100000000003,4749.71
1956,0.47501800000000005,4750.18
1957,0.47497,4749.7
1958,0.47502600000000006,4750.26
1959,0.47507200000000005,4750.72
1960,0.475034,4750.34
1961,0.474995,4749.95
1962,0.474948,4749.48
1963,0.475103,4751.03
1964,0.47506400000000004,4750.64
1965,0.47511000000000003,4751.1
1966,0.47507200000000005,4750.72
1967,0.475024,4750.24
1968,0.4750810000000001,4750.81
1969,0.475129,4751.29
1970,0.475091,4750.91
1971,0.475053,4750.53
1972,0.47500500000000007,4750.05
1973,0.47497600000000006,4749.76
1974,0.47502500000000003,4750.25
1975,0.4749770000000001,4749.77
1976,0.47502600000000006,4750.26
1977,0.474987,4749.87
1978,0.474959,4749.59
1979,0.47492200000000007,4749.22
1980,0.47488400000000003,4748.84
1981,0.47493100000000005,4749.31
1982,0.475307,4753.07
1983,0.475269,4752.69
1984,0.475221,4752.21
1985,0.475455,4754.55
1986,0.47540699999999997,4754.07
1987,0.47536800000000007,4753.68
1988,0.475512,4755.12
1989,0.47566600000000003,4756.66
1990,0.475628,4756.28
1991,0.47558900000000004,4755.89
1992,0.475541,4755.41
1993,0.475599,4755.99
1994,0.47556000000000004,4755.6
1995,0.47552200000000006,4755.22
1996,0.475484,4754.84
1997,0.475445,4754.45
1998,0.47540699999999997,4754.07
1999,0.47536800000000007,4753.68
2000,0.47533000000000003,4753.3
2001,0.47529200000000005,4752.92
2002,0.475244,4752.44
2003,0.47520500000000004,4752.05
2004,0.47526300000000005,4752.63
2005,0.475224,4752.24
2006,0.475186,4751.86
2007,0.47514799999999996,4751.48
2008,0.4751,4751.0
2009,0.475157,4751.57
2010,0.47511899999999996,4751.19
2011,0.47508000000000006,4750.8
2012,0.47628000000000004,4762.8
2013,0.47624200000000005,4762.42
2014,0.47629,4762.9
2015,0.476434,4764.34
2016,0.476386,4763.86
2017,0.47653000000000006,4765.3
2018,0.47650100000000006,4765.01
2019,0.476463,4764.63
2020,0.476415,4764.15
2021,0.476808,4768.08
2022,0.47685600000000006,4768.56
2023,0.4768180000000001,4768.18
2024,0.4767890000000001,4767.89
2025,0.476741,4767.41
2026,0.476703,4767.03
2027,0.47666400000000003,4766.64
2028,0.47662600000000005,4766.26
2029,0.476674,4766.74
2030,0.47662600000000005,4766.26
2031,0.47659700000000005,4765.97
2032,0.47698100000000004,4769.81
2033,0.477125,4771.25
2034,0.4770770000000001,4770.77
2035,0.47703900000000005,4770.39
2036,0.47701000000000005,4770.1
2037,0.476962,4769.62
2038,0.4771060000000001,4771.06
2039,0.47706800000000005,4770.68
2040,0.47702,4770.2
2041,0.47698100000000004,4769.81
2042,0.4771350000000001,4771.35
2043,0.477096,4770.96
2044,0.47704799999999997,4770.48
2045,0.47744200000000003,4774.42
2046,0.477404,4774.04
2047,0.477365,4773.65
2048,0.47732700000000006,4773.27
2049,0.477279,4772.79
2050,0.47724,4772.4
2051,0.477298,4772.98
2052,0.4772600000000001,4772.6
2053,0.477212,4772.12
2054,0.47717299999999996,4771.73
2055,0.47714399999999996,4771.44
2056,0.4771060000000001,4771.06
2057,0.47705800000000004,4770.58
2058,0.47702,4770.2
2059,0.476991,4769.91
2060,0.47694300000000006,4769.43
2061,0.476904,4769.04
2062,0.476962,4769.62
2063,0.476924,4769.24
2064,0.47688500000000006,4768.85
2065,0.476847,4768.47
2066,0.476808,4768.08
2067,0.4767600000000001,4767.6
2068,0.4768180000000001,4768.18
2069,0.476866,4768.66
2070,0.476828,4768.28
2071,0.4767890000000001,4767.89
2072,0.476741,4767.41
2073,0.4767890000000001,4767.89
2074,0.47675100000000004,4767.51
2075,0.476712,4767.12
2076,0.476866,4768.66
2077,0.4768180000000001,4768.18
2078,0.476876,4768.76
2079,0.476828,4768.28
2080,0.47688500000000006,4768.85
2081,0.476847,4768.47
2082,0.476808,4768.08
2083,0.47685600000000006,4768.56
2084,0.476808,4768.08
2085,0.476962,4769.62
2086,0.47691400000000006,4769.14
2087,0.47688500000000006,4768.85
2088,0.47702900000000004,4770.29
2089,0.47698100000000004,4769.81
2090,0.47695200000000004,4769.52
2091,0.477096,4770.96
2092,0.47704799999999997,4770.48
2093,0.4771060000000001,4771.06
2094,0.47706800000000005,4770.68
2095,0.47702,4770.2
2096,0.476991,4769.91
2097,0.47695200000000004,4769.52
2098,0.476904,4769.04
2099,0.476876,4768.76
2100,0.476828,4768.28
2101,0.47679900000000003,4767.99
2102,0.4767600000000001,4767.6
2103,0.476712,4767.12
2104,0.47668400000000005,4766.84
2105,0.476645,4766.45
2106,0.476607,4766.07
2107,0.476559,4765.59
2108,0.47653000000000006,4765.3
2109,0.476492,4764.92
2110,0.476636,4766.36
2111,0.476588,4765.88
2112,0.476559,4765.59
2113,0.47652,4765.2
2114,0.476482,4764.82
2115,0.476444,4764.44
2116,0.476405,4764.05
2117,0.47636700000000004,4763.67
2118,0.476328,4763.28
2119,0.476376,4763.76
2120,0.47633800000000004,4763.38
2121,0.4763,4763.0
2122,0.476261,4762.61
2123,0.47621300000000005,4762.13
2124,0.476175,4761.75
2125,0.476136,4761.36
2126,0.47610800000000003,4761.08
2127,0.47606899999999996,4760.69
2128,0.476021,4760.21
2129,0.476165,4761.65
2130,0.4761270000000001,4761.27
2131,0.476088,4760.88
2132,0.47605000000000003,4760.5
2133,0.4760020000000001,4760.02
2134,0.475973,4759.73
2135,0.47593500000000005,4759.35
2136,0.475887,4758.87
2137,0.475944,4759.44
2138,0.47590600000000005,4759.06
2139,0.47586800000000007,4758.68
2140,0.475829,4758.29
2141,0.475791,4757.91
2142,0.47583900000000007,4758.39
2143,0.475791,4757.91
2144,0.47618400000000005,4761.84
2145,0.476146,4761.46
2146,0.47610800000000003,4761.08
2147,0.47606000000000004,4760.6
2148,0.47603100000000004,4760.31
2149,0.475992,4759.92
2150,0.47595400000000004,4759.54
2151,0.475916,4759.16
2152,0.47587700000000005,4758.77
2153,0.47592500000000004,4759.25
2154,0.475887,4758.87
2155,0.475848,4758.48
2156,0.4758,4758.0
2157,0.475944,4759.44
2158,0.47589600000000004,4758.96
2159,0.47595400000000004,4759.54
2160,0.475916,4759.16
2161,0.47587700000000005,4758.77
2162,0.47583900000000007,4758.39
2163,0.475887,4758.87
2164,0.47593500000000005,4759.35
2165,0.47589600000000004,4758.96
2166,0.475858,4758.58
2167,0.47582,4758.2
2168,0.47578100000000006,4757.81
2169,0.475733,4757.33
2170,0.475704,4757.04
2171,0.47566600000000003,4756.66
2172,0.475628,4756.28
2173,0.47558900000000004,4755.89
2174,0.475541,4755.41
2175,0.475512,4755.12
2176,0.47556000000000004,4755.6
2177,0.47560800000000003,4756.08
2178,0.47557,4755.7
2179,0.475532,4755.32
2180,0.475484,4754.84
2181,0.475445,4754.45
2182,0.475599,4755.99
2183,0.47556000000000004,4755.6
2184,0.47552200000000006,4755.22
2185,0.475474,4754.74
2186,0.475445,4754.45
2187,0.47540699999999997,4754.07
2188,0.47536800000000007,4753.68
2189,0.47533000000000003,4753.3
2190,0.47529200000000005,4752.92
2191,0.47534,4753.4
2192,0.47538800000000003,4753.88
2193,0.475349,4753.49
2194,0.475311,4753.11
2195,0.47527200000000003,4752.72
2196,0.47523400000000005,4752.34
2197,0.475196,4751.96
2198,0.475157,4751.57
2199,0.47510900000000006,4751.09
2200,0.47508000000000006,4750.8
2201,0.47546400000000005,4754.64
2202,0.47542600000000007,4754.26
2203,0.475378,4753.78
2204,0.47543599999999997,4754.36
2205,0.47538800000000003,4753.88
2206,0.47535900000000003,4753.59
2207,0.47532,4753.2
2208,0.475282,4752.82
2209,0.475244,4752.44
2210,0.47520500000000004,4752.05
2211,0.475167,4751.67
2212,0.47511899999999996,4751.19
2213,0.47508000000000006,4750.8
2214,0.4750520000000001,4750.52
2215,0.475013,4750.13
2216,0.475061,4750.61
2217,0.475023,4750.23
2218,0.474984,4749.84
2219,0.47494700000000006,4749.47
2220,0.47491000000000005,4749.1
2221,0.47486300000000004,4748.63
2222,0.474816,4748.16
2223,0.474797,4747.97
2224,0.474844,4748.44
2225,0.47480600000000006,4748.06
2226,0.474769,4747.69
2227,0.47472200000000003,4747.22
2228,0.474675,4746.75
2229,0.47464700000000004,4746.47
2230,0.474797,4747.97
2231,0.47475,4747.5
2232,0.47490000000000004,4749.0
2233,0.47485299999999997,4748.53
2234,0.474825,4748.25
2235,0.47478800000000004,4747.88
2236,0.474741,4747.41
2237,0.474712,4747.12
2238,0.474665,4746.65
2239,0.47463700000000003,4746.37
2240,0.47459,4745.9
2241,0.47456200000000004,4745.62
2242,0.474524,4745.24
2243,0.474665,4746.65
2244,0.47461800000000004,4746.18
2245,0.47459,4745.9
2246,0.47473100000000007,4747.31
2247,0.474694,4746.94
2248,0.4746560000000001,4746.56
2249,0.47461800000000004,4746.18
2250,0.4745810000000001,4745.81
2251,0.474534,4745.34
2252,0.47449600000000003,4744.96
2253,0.474459,4744.59
2254,0.47442100000000004,4744.21
2255,0.4744770000000001,4744.77
2256,0.47444,4744.4
2257,0.474487,4744.87
2258,0.47444,4744.4
2259,0.47440200000000005,4744.02
2260,0.474374,4743.74
2261,0.474336,4743.36
2262,0.47428900000000007,4742.89
2263,0.47425200000000006,4742.52
2264,0.474224,4742.24
2265,0.474365,4743.65
2266,0.4743180000000001,4743.18
2267,0.47428900000000007,4742.89
2268,0.47424200000000005,4742.42
2269,0.47420500000000004,4742.05
2270,0.47425200000000006,4742.52
2271,0.474224,4742.24
2272,0.474365,4743.65
2273,0.47432700000000005,4743.27
2274,0.47428000000000003,4742.8
2275,0.47424200000000005,4742.42
2276,0.47439300000000006,4743.93
2277,0.474769,4747.69
2278,0.47473100000000007,4747.31
2279,0.474778,4747.78
2280,0.47473100000000007,4747.31
2281,0.474694,4746.94
2282,0.4746560000000001,4746.56
2283,0.47461800000000004,4746.18
2284,0.47459,4745.9
2285,0.47454300000000005,4745.43
2286,0.47468400000000005,4746.84
2287,0.4746560000000001,4746.56
2288,0.47461800000000004,4746.18
2289,0.474665,4746.65
2290,0.474628,4746.28
2291,0.47459,4745.9
2292,0.47454300000000005,4745.43
2293,0.47449600000000003,4744.96
2294,0.474449,4744.49
2295,0.47440200000000005,4744.02
2296,0.474355,4743.55
2297,0.474308,4743.08
2298,0.474261,4742.61
2299,0.4742140000000001,4742.14
2300,0.474167,4741.67
2301,0.47412,4741.2
2302,0.47407299999999997,4740.73
2303,0.47402600000000006,4740.26
2304,0.47397900000000004,4739.79
2305,0.473932,4739.32
2306,0.47388500000000006,4738.85
2307,0.47383800000000004,4738.38
2308,0.473791,4737.91
2309,0.473744,4737.44
2310,0.47369700000000003,4736.97
2311,0.47365,4736.5
2312,0.473603,4736.03
2313,0.4735560000000001,4735.56
2314,0.473509,4735.09
2315,0.473462,4734.62
2316,0.473415,4734.15
2317,0.47336800000000007,4733.68
2318,0.47332100000000005,4733.21
2319,0.47327400000000003,4732.74
2320,0.47322700000000006,4732.27
2321,0.47318000000000005,4731.8
2322,0.473133,4731.33
2323,0.473086,4730.86
2324,0.47303900000000004,4730.39
2325,0.472992,4729.92
2326,0.472945,4729.45
2327,0.472898,4728.98
2328,0.472851,4728.51
2329,0.472804,4728.04
2330,0.472757,4727.57
2331,0.4727100000000001,4727.1
2332,0.47266300000000006,4726.63
2333,0.472616,4726.16
2334,0.47256899999999996,4725.69
2335,0.47252200000000005,4725.22
2336,0.47247500000000003,4724.75
2337,0.472428,4724.28
2338,0.47238100000000005,4723.81
2339,0.47233400000000003,4723.34
2340,0.472287,4722.87
2341,0.47224,4722.4
2342,0.47219300000000003,4721.93
2343,0.472146,4721.46
2344,0.472099,4720.99
2345,0.4720520000000001,4720.52
2346,0.47200500000000006,4720.05
2347,0.471958,4719.58
2348,0.47191099999999997,4719.11
2349,0.47186400000000006,4718.64
2350,0.47181700000000004,4718.17
2351,0.47177,4717.7
2352,0.471723,4717.23
2353,0.47167600000000004,4716.76
2354,0.471629,4716.29
2355,0.471582,4715.82
2356,0.47153500000000004,4715.35
2357,0.471488,4714.88
2358,0.471441,4714.41
2359,0.471394,4713.94
2360,0.47134700000000007,4713.47
2361,0.4713,4713.0
2362,0.471253,4712.53
2363,0.47120600000000007,4712.06
2364,0.47115900000000005,4711.59
2365,0.47111200000000003,4711.12
2366,0.471065,4710.65
2367,0.47101800000000005,4710.18
2368,0.47097100000000003,4709.71
2369,0.470924,4709.24
2370,0.47087700000000005,4708.77
2371,0.47083,4708.3
2372,0.470783,4707.83
2373,0.470736,4707.36
2374,0.4706890000000001,4706.89
2375,0.470642,4706.42
2376,0.470595,4705.95
2377,0.47054799999999997,4705.48
2378,0.47050100000000006,4705.01
2379,0.47045400000000004,4704.54
2380,0.470407,4704.07
2381,0.47036000000000006,4703.6
2382,0.47031300000000004,4703.13
2383,0.470266,4702.66
2384,0.470219,4702.19
2385,0.47017200000000003,4701.72
2386,0.470125,4701.25
2387,0.470078,4700.78
2388,0.4700310000000001,4700.31
2389,0.469984,4699.84
2390,0.469937,4699.37
2391,0.46989,4698.9
2392,0.46984300000000007,4698.43
2393,0.46979600000000005,4697.96
2394,0.469749,4697.49
2395,0.46970200000000006,4697.02
2396,0.46965500000000004,4696.55
2397,0.469608,4696.08
2398,0.469561,4695.61
2399,0.46951400000000004,4695.14
2400,0.469467,4694.67
2401,0.46942,4694.2
2402,0.469373,4693.73
2403,0.469326,4693.26
2404,0.469279,4692.79
2405,0.469232,4692.32
2406,0.4691850000000001,4691.85
2407,0.46913800000000005,4691.38
2408,0.469091,4690.91
2409,0.46904399999999996,4690.44
2410,0.46899700000000005,4689.97
2411,0.46895000000000003,4689.5
2412,0.468903,4689.03
2413,0.46885600000000005,4688.56
2414,0.46880900000000003,4688.09
2415,0.468762,4687.62
2416,0.468715,4687.15
2417,0.46866800000000003,4686.68
2418,0.468621,4686.21
2419,0.468574,4685.74
2420,0.4685270000000001,4685.27
2421,0.46848000000000006,4684.8
2422,0.468433,4684.33
2423,0.46838599999999997,4683.86
2424,0.46833900000000006,4683.39
2425,0.46829200000000004,4682.92
2426,0.468245,4682.45
2427,0.468198,4681.98
2428,0.46815100000000004,4681.51
2429,0.468104,4681.04
2430,0.468057,4680.57
2431,0.46801000000000004,4680.1
2432,0.467963,4679.63
2433,0.467916,4679.16
2434,0.467869,4678.69
2435,0.46782200000000007,4678.22
2436,0.467775,4677.75
2437,0.467728,4677.28
2438,0.46768100000000007,4676.81
2439,0.46763400000000005,4676.34
2440,0.46758700000000003,4675.87
2441,0.46754,4675.4
2442,0.46749300000000005,4674.93
2443,0.46744600000000003,4674.46
2444,0.467399,4673.99
2445,0.46735200000000005,4673.52
2446,0.467305,4673.05
2447,0.467258,4672.58
2448,0.467211,4672.11
2449,0.4671640000000001,4671.64
2450,0.467117,4671.17
2451,0.46707,4670.7
2452,0.46702299999999997,4670.23
2453,0.46697600000000006,4669.76
2454,0.46692900000000004,4669.29
2455,0.466882,4668.82
2456,0.46683500000000006,4668.35
2457,0.46678800000000004,4667.88
2458,0.466741,4667.41
2459,0.466694,4666.94
2460,0.46664700000000003,4666.47
2461,0.4666,4666.0
2462,0.466553,4665.53
2463,0.4665060000000001,4665.06
2464,0.466459,4664.59
2465,0.466412,4664.12
2466,0.466365,4663.65
2467,0.46631800000000007,4663.18
2468,0.46627100000000005,4662.71
2469,0.466224,4662.24
2470,0.46617700000000006,4661.77
2471,0.46613000000000004,4661.3
2472,0.466083,4660.83
2473,0.466036,4660.36
2474,0.46598900000000004,4659.89
2475,0.465942,4659.42
2476,0.465895,4658.95
2477,0.465848,4658.48
2478,0.465801,4658.01
2479,0.465754,4657.54
2480,0.465707,4657.07
2481,0.4656600000000001,4656.6
2482,0.46561300000000005,4656.13
2483,0.46556600000000004,4655.66
2484,0.46551899999999996,4655.19
2485,0.46547200000000005,4654.72
2486,0.46542500000000003,4654.25
2487,0.465378,4653.78
2488,0.46533100000000005,4653.31
2489,0.46528400000000003,4652.84
2490,0.465237,4652.37
2491,0.46519,4651.9
2492,0.46514300000000003,4651.43
2493,0.465096,4650.96
2494,0.465049,4650.49
2495,0.4650020000000001,4650.02
2496,0.46495500000000006,4649.55
2497,0.464909,4649.09
2498,0.464863,4648.63
2499,0.46481700000000004,4648.17
2500,0.46477100000000005,4647.71
2501,0.464725,4647.25
2502,0.464679,4646.79
2503,0.464633,4646.33
2504,0.464587,4645.87
2505,0.464541,4645.41
2506,0.464495,4644.95
2507,0.464449,4644.49
2508,0.464403,4644.03
2509,0.464357,4643.57
2510,0.464311,4643.11
2511,0.464265,4642.65
2512,0.464219,4642.19
2513,0.464173,4641.73
2514,0.46412700000000007,4641.27
2515,0.4640810000000001,4640.81
2516,0.4640350000000001,4640.35
2517,0.46398900000000004,4639.89
2518,0.46394300000000005,4639.43
2519,0.46389700000000006,4638.97
2520,0.46385100000000007,4638.51
2521,0.463805,4638.05
2522,0.46375900000000003,4637.59
2523,0.46371300000000004,4637.13
2524,0.46366700000000005,4636.67
2525,0.463621,4636.21
2526,0.463575,4635.75
2527,0.463529,4635.29
2528,0.46348300000000003,4634.83
2529,0.463437,4634.37
2530,0.463391,4633.91
2531,0.463345,4633.45
2532,0.463299,4632.99
2533,0.46325299999999997,4632.53
2534,0.463207,4632.07
2535,0.463161,4631.61
2536,0.463115,4631.15
2537,0.463069,4630.69
2538,0.46302299999999996,4630.23
2539,0.4629770000000001,4629.77
2540,0.46293100000000004,4629.31
2541,0.46288500000000005,4628.85
2542,0.46283900000000006,4628.39
2543,0.46279300000000007,4627.93
2544,0.4627470000000001,4627.47
2545,0.46270100000000003,4627.01
2546,0.46265500000000004,4626.55
2547,0.46260900000000005,4626.09
2548,0.46256300000000006,4625.63
2549,0.462517,4625.17
2550,0.462471,4624.71
2551,0.46242500000000003,4624.25
2552,0.46237900000000004,4623.79
2553,0.462333,4623.33
2554,0.462287,4622.87
2555,0.462241,4622.41
2556,0.462195,4621.95
2557,0.462149,4621.49
2558,0.462103,4621.03
2559,0.462057,4620.57
2560,0.462011,4620.11
2561,0.46196499999999996,4619.65
2562,0.46191899999999997,4619.19
2563,0.461873,4618.73
2564,0.46182700000000004,4618.27
2565,0.46178100000000005,4617.81
2566,0.46173500000000006,4617.35
2567,0.46168900000000007,4616.89
2568,0.461643,4616.43
2569,0.46159700000000004,4615.97
2570,0.46155100000000004,4615.51
2571,0.46150500000000005,4615.05
2572,0.46145900000000006,4614.59
2573,0.461413,4614.13
2574,0.461367,4613.67
2575,0.46132100000000004,4613.21
2576,0.46127500000000005,4612.75
2577,0.461229,4612.29
2578,0.461183,4611.83
2579,0.461137,4611.37
2580,0.46109100000000003,4610.91
2581,0.461045,4610.45
2582,0.460999,4609.99
2583,0.460953,4609.53
2584,0.460907,4609.07
2585,0.46086099999999997,4608.61
2586,0.460815,4608.15
2587,0.460769,4607.69
2588,0.460723,4607.23
2589,0.46067700000000006,4606.77
2590,0.46063100000000007,4606.31
2591,0.4605850000000001,4605.85
2592,0.46053900000000003,4605.39
2593,0.46049300000000004,4604.93
2594,0.46044700000000005,4604.47
2595,0.46040100000000006,4604.01
2596,0.460355,4603.55
2597,0.460309,4603.09
2598,0.46026300000000003,4602.63
2599,0.46021700000000004,4602.17
2600,0.46017100000000005,4601.71
2601,0.460125,4601.25
2602,0.460079,4600.79
2603,0.460033,4600.33
2604,0.45998700000000003,4599.87
2605,0.459941,4599.41
2606,0.459895,4598.95
2607,0.459849,4598.49
2608,0.459803,4598.03
2609,0.45975699999999997,4597.57
2610,0.459711,4597.11
2611,0.459665,4596.65
2612,0.459619,4596.19
2613,0.45957299999999995,4595.73
2614,0.4595270000000001,4595.27
2615,0.4594810000000001,4594.81
2616,0.45943500000000004,4594.35
2617,0.45938900000000005,4593.89
2618,0.45934300000000006,4593.43
2619,0.45929700000000007,4592.97
2620,0.459251,4592.51
2621,0.45920500000000003,4592.05
2622,0.45915900000000004,4591.59
2623,0.45911300000000005,4591.13
2624,0.459067,4590.67
2625,0.459021,4590.21
2626,0.458975,4589.75
2627,0.45892900000000003,4589.29
2628,0.45888300000000004,4588.83
2629,0.458837,4588.37
2630,0.458791,4587.91
2631,0.458745,4587.45
2632,0.458699,4586.99
2633,0.458653,4586.53
2634,0.458607,4586.07
2635,0.458561,4585.61
2636,0.458515,4585.15
2637,0.45846899999999996,4584.69
2638,0.45842299999999997,4584.23
2639,0.4583770000000001,4583.77
2640,0.45833100000000004,4583.31
2641,0.45828500000000005,4582.85
2642,0.45823900000000006,4582.39
2643,0.4581930000000001,4581.93
2644,0.458147,4581.47
2645,0.45810100000000004,4581.01
2646,0.45805500000000005,4580.55
2647,0.45800900000000005,4580.09
2648,0.457963,4579.63
2649,0.457917,4579.17
2650,0.45787100000000003,4578.71
2651,0.45782500000000004,4578.25
2652,0.457779,4577.79
2653,0.457733,4577.33
2654,0.457687,4576.87
2655,0.457641,4576.41
2656,0.45759500000000003,4575.95
2657,0.457549,4575.49
2658,0.457503,4575.03
2659,0.457457,4574.57
2660,0.457411,4574.11
2661,0.45736499999999997,4573.65
2662,0.457319,4573.19
2663,0.457273,4572.73
2664,0.45722700000000005,4572.27
2665,0.45718100000000006,4571.81
2666,0.45713500000000007,4571.35
2667,0.4570890000000001,4570.89
2668,0.45704300000000003,4570.43
2669,0.45699700000000004,4569.97
2670,0.45695100000000005,4569.51
2671,0.45690500000000006,4569.05
2672,0.456859,4568.59
2673,0.456813,4568.13
2674,0.45676700000000003,4567.67
2675,0.45672100000000004,4567.21
2676,0.456675,4566.75
2677,0.456629,4566.29
2678,0.456583,4565.83
2679,0.456537,4565.37
2680,0.456491,4564.91
2681,0.456445,4564.45
2682,0.456399,4563.99
2683,0.456353,4563.53
2684,0.456307,4563.07
2685,0.45626099999999997,4562.61
2686,0.456215,4562.15
2687,0.456169,4561.69
2688,0.456123,4561.23
2689,0.45607700000000007,4560.77
2690,0.4560310000000001,4560.31
2691,0.4559850000000001,4559.85
2692,0.45593900000000004,4559.39
2693,0.45589300000000005,4558.93
2694,0.45584700000000006,4558.47
2695,0.45580100000000007,4558.01
2696,0.455755,4557.55
2697,0.45570900000000003,4557.09
2698,0.45566300000000004,4556.63
2699,0.45561700000000005,4556.17
2700,0.455571,4555.71
2701,0.455525,4555.25
2702,0.455479,4554.79
2703,0.45543300000000003,4554.33
2704,0.455387,4553.87
2705,0.455341,4553.41
2706,0.455295,4552.95
2707,0.455249,4552.49
2708,0.45520299999999997,4552.03
2709,0.455157,4551.57
2710,0.455111,4551.11
2711,0.455065,4550.65
2712,0.455019,4550.19
2713,0.45497299999999996,4549.73
2714,0.454928,4549.28
2715,0.45488300000000004,4548.83
2716,0.454838,4548.38
2717,0.45479300000000006,4547.93
2718,0.454748,4547.48
2719,0.454703,4547.03
2720,0.454658,4546.58
2721,0.45461300000000004,4546.13
2722,0.454568,4545.68
2723,0.45452299999999995,4545.23
2724,0.454478,4544.78
2725,0.45443300000000003,4544.33
2726,0.454388,4543.88
2727,0.45434300000000005,4543.43
2728,0.454298,4542.98
2729,0.454253,4542.53
2730,0.454208,4542.08
2731,0.45416300000000004,4541.63
2732,0.4541180000000001,4541.18
2733,0.454073,4540.73
2734,0.454028,4540.28
2735,0.453983,4539.83
2736,0.453938,4539.38
2737,0.45389300000000005,4538.93
2738,0.453848,4538.48
2739,0.453803,4538.03
2740,0.453758,4537.58
2741,0.45371300000000003,4537.13
2742,0.45366800000000007,4536.68
2743,0.453623,4536.23
2744,0.453578,4535.78
2745,0.453533,4535.33
2746,0.45348800000000006,4534.88
2747,0.45344300000000004,4534.43
2748,0.45339799999999997,4533.98
2749,0.453353,4533.53
2750,0.453308,4533.08
2751,0.453263,4532.63
2752,0.45321800000000007,4532.18
2753,0.453173,4531.73
2754,0.453128,4531.28
2755,0.453083,4530.83
2756,0.45303800000000005,4530.38
2757,0.45299300000000003,4529.93
2758,0.45294799999999996,4529.48
2759,0.452903,4529.03
2760,0.45285800000000004,4528.58
2761,0.452813,4528.13
2762,0.45276800000000006,4527.68
2763,0.452723,4527.23
2764,0.45267799999999997,4526.78
2765,0.452633,4526.33
2766,0.45258800000000005,4525.88
2767,0.45254300000000003,4525.43
2768,0.45249799999999996,4524.98
2769,0.452453,4524.53
2770,0.45240800000000003,4524.08
2771,0.452363,4523.63
2772,0.45231800000000005,4523.18
2773,0.452273,4522.73
2774,0.452228,4522.28
2775,0.452183,4521.83
2776,0.45213800000000004,4521.38
2777,0.4520930000000001,4520.93
2778,0.452048,4520.48
2779,0.452003,4520.03
2780,0.451958,4519.58
2781,0.451913,4519.13
2782,0.45186800000000005,4518.68
2783,0.451823,4518.23
2784,0.451778,4517.78
2785,0.451733,4517.33
2786,0.45168800000000003,4516.88
2787,0.45164300000000007,4516.43
2788,0.451598,4515.98
2789,0.451553,4515.53
2790,0.451508,4515.08
2791,0.45146300000000006,4514.63
2792,0.45141800000000004,4514.18
2793,0.45137299999999997,4513.73
2794,0.451328,4513.28
2795,0.451283,4512.83
2796,0.45123800000000003,4512.38
2797,0.45119300000000007,4511.93
2798,0.451148,4511.48
2799,0.451103,4511.03
2800,0.451058,4510.58
2801,0.45101300000000005,4510.13
2802,0.45096800000000004,4509.68
2803,0.45092299999999996,4509.23
2804,0.450878,4508.78
2805,0.45083300000000004,4508.33
2806,0.450788,4507.88
2807,0.45074300000000006,4507.43
2808,0.450698,4506.98
2809,0.45065299999999997,4506.53
2810,0.450608,4506.08
2811,0.45056300000000005,4505.63
2812,0.45051800000000003,4505.18
2813,0.45047299999999996,4504.73
2814,0.450428,4504.28
2815,0.45038300000000003,4503.83
2816,0.450338,4503.38
2817,0.45029300000000005,4502.93
2818,0.450248,4502.48
2819,0.450203,4502.03
2820,0.450158,4501.58
2821,0.45011300000000004,4501.13
2822,0.450068,4500.68
2823,0.45002299999999995,4500.23
2824,0.449978,4499.78
2825,0.449933,4499.33
2826,0.449888,4498.88
2827,0.44984300000000005,4498.43
2828,0.449798,4497.98
2829,0.449753,4497.53
2830,0.449708,4497.08
2831,0.44966300000000003,4496.63
2832,0.4496180000000001,4496.18
2833,0.449573,4495.73
2834,0.449528,4495.28
2835,0.449483,4494.83
2836,0.44943800000000006,4494.38
2837,0.44939300000000004,4493.93
2838,0.44934799999999997,4493.48
2839,0.449303,4493.03
2840,0.449258,4492.58
2841,0.44921300000000003,4492.13
2842,0.44916800000000007,4491.68
2843,0.449123,4491.23
2844,0.449078,4490.78
2845,0.449033,4490.33
2846,0.44898800000000005,4489.88
2847,0.44894300000000004,4489.43
2848,0.44889799999999996,4488.98
2849,0.448853,4488.53
2850,0.44880800000000004,4488.08
2851,0.448763,4487.63
2852,0.44871800000000006,4487.18
2853,0.448673,4486.73
2854,0.44862799999999997,4486.28
2855,0.448583,4485.83
2856,0.44853800000000005,4485.38
2857,0.44849300000000003,4484.93
2858,0.44844799999999996,4484.48
2859,0.448403,4484.03
2860,0.44835800000000003,4483.58
2861,0.448313,4483.13
2862,0.44826800000000006,4482.68
2863,0.448223,4482.23
2864,0.448178,4481.78
2865,0.448133,4481.33
2866,0.44808800000000004,4480.88
2867,0.448043,4480.43
2868,0.44799799999999995,4479.98
2869,0.447953,4479.53
2870,0.44790800000000003,4479.08
2871,0.447863,4478.63
2872,0.44781800000000005,4478.18
2873,0.447773,4477.73
2874,0.447728,4477.28
2875,0.447683,4476.83
2876,0.44763800000000004,4476.38
2877,0.4475930000000001,4475.93
2878,0.447548,4475.48
2879,0.447503,4475.03
2880,0.447458,4474.58
2881,0.447413,4474.13
2882,0.44736800000000004,4473.68
2883,0.44732299999999997,4473.23
2884,0.447278,4472.78
2885,0.447233,4472.33
2886,0.44718800000000003,4471.88
2887,0.44714300000000007,4471.43
2888,0.447098,4470.98
2889,0.447053,4470.53
2890,0.447008,4470.08
2891,0.44696300000000005,4469.63
2892,0.44691800000000004,4469.18
2893,0.44687299999999996,4468.73
2894,0.446828,4468.28
2895,0.44678300000000004,4467.83
2896,0.446738,4467.38
2897,0.44669300000000006,4466.93
2898,0.446648,4466.48
2899,0.44660299999999997,4466.03
2900,0.446558,4465.58
2901,0.44651300000000005,4465.13
2902,0.44646800000000003,4464.68
2903,0.44642299999999996,4464.23
2904,0.446378,4463.78
2905,0.44633300000000004,4463.33
2906,0.446288,4462.88
2907,0.44624300000000006,4462.43
2908,0.446198,4461.98
2909,0.446153,4461.53
2910,0.446108,4461.08
2911,0.44606300000000004,4460.63
2912,0.446018,4460.18
2913,0.44597299999999995,4459.73
2914,0.445928,4459.28
2915,0.44588300000000003,4458.83
2916,0.445838,4458.38
2917,0.44579300000000005,4457.93
2918,0.445748,4457.48
2919,0.445703,4457.03
2920,0.445658,4456.58
2921,0.44561300000000004,4456.13
2922,0.4455680000000001,4455.68
2923,0.445523,4455.23
2924,0.445478,4454.78
2925,0.445433,4454.33
2926,0.445388,4453.88
2927,0.44534300000000004,4453.43
2928,0.44529799999999997,4452.98
2929,0.445253,4452.53
2930,0.445208,4452.08
2931,0.44516300000000003,4451.63
2932,0.44511800000000007,4451.18
2933,0.445073,4450.73
2934,0.445028,4450.28
2935,0.444983,4449.83
2936,0.44493900000000003,4449.39
2937,0.444895,4448.95
2938,0.44485100000000005,4448.51
2939,0.444807,4448.07
2940,0.444763,4447.63
2941,0.444719,4447.19
2942,0.44467500000000004,4446.75
2943,0.44463100000000005,4446.31
2944,0.444587,4445.87
2945,0.4445430000000001,4445.43
2946,0.444499,4444.99
2947,0.44445500000000004,4444.55
2948,0.444411,4444.11
2949,0.444367,4443.67
2950,0.44432299999999997,4443.23
2951,0.44427900000000003,4442.79
2952,0.44423500000000005,4442.35
2953,0.444191,4441.91
2954,0.44414700000000007,4441.47
2955,0.44410299999999997,4441.03
2956,0.44405900000000004,4440.59
2957,0.444015,4440.15
2958,0.443971,4439.71
2959,0.44392700000000007,4439.27
2960,0.443883,4438.83
2961,0.44383900000000004,4438.39
2962,0.443795,4437.95
2963,0.44375100000000006,4437.51
2964,0.443707,4437.07
2965,0.44366300000000003,4436.63
2966,0.443619,4436.19
2967,0.443575,4435.75
2968,0.44353100000000006,4435.31
2969,0.443487,4434.87
2970,0.44344300000000003,4434.43
2971,0.443399,4433.99
2972,0.44335500000000005,4433.55
2973,0.443311,4433.11
2974,0.443267,4432.67
2975,0.443223,4432.23
2976,0.44317900000000005,4431.79
2977,0.44313500000000006,4431.35
2978,0.443091,4430.91
2979,0.443047,4430.47
2980,0.443003,4430.03
2981,0.44295900000000005,4429.59
2982,0.442915,4429.15
2983,0.442871,4428.71
2984,0.4428270000000001,4428.27
2985,0.44278300000000004,4427.83
2986,0.44273900000000005,4427.39
2987,0.442695,4426.95
2988,0.442651,4426.51
2989,0.442607,4426.07
2990,0.44256300000000004,4425.63
2991,0.442519,4425.19
2992,0.442475,4424.75
2993,0.4424310000000001,4424.31
2994,0.44238700000000003,4423.87
2995,0.44234300000000004,4423.43
2996,0.442299,4422.99
2997,0.44225500000000006,4422.55
2998,0.44221099999999997,4422.11
2999,0.44216700000000003,4421.67
3000,0.442123,4421.23
3001,0.442079,4420.79
3002,0.44203500000000007,4420.35
3003,0.441991,4419.91
3004,0.44194700000000003,4419.47
3005,0.441903,4419.03
3006,0.44185900000000006,4418.59
3007,0.44181499999999996,4418.15
3008,0.441771,4417.71
3009,0.4417270000000001,4417.27
3010,0.441683,4416.83
3011,0.44163900000000006,4416.39
3012,0.441595,4415.95
3013,0.441551,4415.51
3014,0.441507,4415.07
3015,0.44146300000000005,4414.63
3016,0.441419,4414.19
3017,0.441375,4413.75
3018,0.4413310000000001,4413.31
3019,0.441287,4412.87
3020,0.44124300000000005,4412.43
3021,0.441199,4411.99
3022,0.441155,4411.55
3023,0.441111,4411.11
3024,0.44106700000000004,4410.67
3025,0.441023,4410.23
3026,0.440979,4409.79
3027,0.4409350000000001,4409.35
3028,0.44089100000000003,4408.91
3029,0.44084700000000004,4408.47
3030,0.440803,4408.03
3031,0.440759,4407.59
3032,0.44071499999999997,4407.15
3033,0.44067100000000003,4406.71
3034,0.44062700000000005,4406.27
3035,0.440583,4405.83
3036,0.44053900000000007,4405.39
3037,0.440495,4404.95
3038,0.44045100000000004,4404.51
3039,0.440407,4404.07
3040,0.440363,4403.63
3041,0.44031899999999996,4403.19
3042,0.440275,4402.75
3043,0.44023100000000004,4402.31
3044,0.440187,4401.87
3045,0.44014300000000006,4401.43
3046,0.440099,4400.99
3047,0.44005500000000003,4400.55
3048,0.440011,4400.11
3049,0.43996700000000005,4399.67
3050,0.43992299999999995,4399.23
3051,0.439879,4398.79
3052,0.43983500000000003,4398.35
3053,0.439791,4397.91
3054,0.43974700000000005,4397.47
3055,0.439703,4397.03
3056,0.439659,4396.59
3057,0.439615,4396.15
3058,0.43957100000000005,4395.71
3059,0.43952700000000006,4395.27
3060,0.439483,4394.83
3061,0.4394390000000001,4394.39
3062,0.439395,4393.95
3063,0.43935100000000005,4393.51
3064,0.439307,4393.07
3065,0.439263,4392.63
3066,0.43921899999999997,4392.19
3067,0.43917500000000004,4391.75
3068,0.43913100000000005,4391.31
3069,0.439087,4390.87
3070,0.43904300000000007,4390.43
3071,0.438999,4389.99
3072,0.43895500000000004,4389.55
3073,0.438911,4389.11
3074,0.438867,4388.67
3075,0.43882299999999996,4388.23
3076,0.43877900000000003,4387.79
3077,0.43873500000000004,4387.35
3078,0.438691,4386.91
3079,0.43864700000000006,4386.47
3080,0.438603,4386.03
3081,0.43855900000000003,4385.59
3082,0.438515,4385.15
3083,0.438471,4384.71
3084,0.43842700000000007,4384.27
3085,0.438383,4383.83
3086,0.43833900000000003,4383.39
3087,0.438295,4382.95
3088,0.43825100000000006,4382.51
3089,0.438207,4382.07
3090,0.438163,4381.63
3091,0.438119,4381.19
3092,0.43807500000000005,4380.75
3093,0.43803100000000006,4380.31
3094,0.437987,4379.87
3095,0.437943,4379.43
3096,0.437899,4378.99
3097,0.43785500000000005,4378.55
3098,0.437811,4378.11
3099,0.437767,4377.67
3100,0.437723,4377.23
3101,0.43767900000000004,4376.79
3102,0.43763500000000005,4376.35
3103,0.437591,4375.91
3104,0.437547,4375.47
3105,0.437503,4375.03
3106,0.43745900000000004,4374.59
3107,0.437415,4374.15
3108,0.437371,4373.71
3109,0.4373270000000001,4373.27
3110,0.43728300000000003,4372.83
3111,0.43723900000000004,4372.39
3112,0.437195,4371.95
3113,0.43715100000000007,4371.51
3114,0.43710699999999997,4371.07
3115,0.43706300000000003,4370.63
3116,0.437019,4370.19
3117,0.436975,4369.75
3118,0.43693100000000007,4369.31
3119,0.436887,4368.87
3120,0.43684300000000004,4368.43
3121,0.436799,4367.99
3122,0.43675500000000006,4367.55
3123,0.436711,4367.11
3124,0.436667,4366.67
3125,0.436623,4366.23
3126,0.436579,4365.79
3127,0.43653500000000006,4365.35
3128,0.436491,4364.91
3129,0.43644700000000003,4364.47
3130,0.436403,4364.03
3131,0.43635900000000005,4363.59
3132,0.436315,4363.15
3133,0.436271,4362.71
3134,0.4362270000000001,4362.27
3135,0.436183,4361.83
3136,0.43613900000000005,4361.39
3137,0.436095,4360.95
3138,0.436051,4360.51
3139,0.436007,4360.07
3140,0.43596300000000004,4359.63
3141,0.435919,4359.19
3142,0.435875,4358.75
3143,0.4358310000000001,4358.31
3144,0.43578700000000004,4357.87
3145,0.43574300000000005,4357.43
3146,0.435699,4356.99
3147,0.435655,4356.55
3148,0.43561099999999997,4356.11
3149,0.43556700000000004,4355.67
3150,0.435523,4355.23
3151,0.435479,4354.79
3152,0.43543500000000007,4354.35
3153,0.43539100000000003,4353.91
3154,0.43534700000000004,4353.47
3155,0.435303,4353.03
3156,0.43525900000000006,4352.59
3157,0.43521499999999996,4352.15
3158,0.43517100000000003,4351.71
3159,0.43512700000000004,4351.27
3160,0.435083,4350.83
3161,0.43503900000000006,4350.39
3162,0.434995,4349.95
3163,0.43495200000000006,4349.52
3164,0.43490900000000005,4349.09
3165,0.43486600000000003,4348.66
3166,0.43482299999999996,4348.23
3167,0.43478000000000006,4347.8
3168,0.434737,4347.37
3169,0.43469399999999997,4346.94
3170,0.43465100000000007,4346.51
3171,0.434608,4346.08
3172,0.434565,4345.65
3173,0.434522,4345.22
3174,0.434479,4344.79
3175,0.434436,4344.36
3176,0.43439300000000003,4343.93
3177,0.43435,4343.5
3178,0.434307,4343.07
3179,0.43426400000000004,4342.64
3180,0.434221,4342.21
3181,0.434178,4341.78
3182,0.43413500000000005,4341.35
3183,0.43409200000000003,4340.92
3184,0.434049,4340.49
3185,0.43400600000000006,4340.06
3186,0.43396300000000004,4339.63
3187,0.43392000000000003,4339.2
3188,0.43387700000000007,4338.77
3189,0.43383400000000005,4338.34
3190,0.433791,4337.91
3191,0.43374799999999997,4337.48
3192,0.43370500000000006,4337.05
3193,0.433662,4336.62
3194,0.433619,4336.19
3195,0.433576,4335.76
3196,0.433533,4335.33
3197,0.43349,4334.9
3198,0.433447,4334.47
3199,0.433404,4334.04
3200,0.433361,4333.61
3201,0.43331800000000004,4333.18
3202,0.433275,4332.75
3203,0.433232,4332.32
3204,0.43318900000000005,4331.89
3205,0.43314600000000003,4331.46
3206,0.433103,4331.03
3207,0.43306000000000006,4330.6
3208,0.43301700000000004,4330.17
3209,0.432974,4329.74
3210,0.43293100000000007,4329.31
3211,0.43288800000000005,4328.88
3212,0.432845,4328.45
3213,0.4328020000000001,4328.02
3214,0.43275900000000006,4327.59
3215,0.432716,4327.16
3216,0.432673,4326.73
3217,0.43263,4326.3
3218,0.432587,4325.87
3219,0.432544,4325.44
3220,0.432501,4325.01
3221,0.432458,4324.58
3222,0.432415,4324.15
3223,0.43237200000000003,4323.72
3224,0.432329,4323.29
3225,0.432286,4322.86
3226,0.43224300000000004,4322.43
3227,0.43220000000000003,4322.0
3228,0.432157,4321.57
3229,0.43211400000000005,4321.14
3230,0.43207100000000004,4320.71
3231,0.43202799999999997,4320.28
3232,0.43198500000000006,4319.85
3233,0.43194200000000005,4319.42
3234,0.431899,4318.99
3235,0.4318560000000001,4318.56
3236,0.43181300000000006,4318.13
3237,0.43177,4317.7
3238,0.4317270000000001,4317.27
3239,0.431684,4316.84
3240,0.431641,4316.41
3241,0.431598,4315.98
3242,0.431555,4315.55
3243,0.431512,4315.12
3244,0.431469,4314.69
3245,0.43142600000000003,4314.26
3246,0.431383,4313.83
3247,0.43134,4313.4
3248,0.43129700000000004,4312.97
3249,0.431254,4312.54
3250,0.431211,4312.11
3251,0.43116800000000005,4311.68
3252,0.43112500000000004,4311.25
3253,0.43108199999999997,4310.82
3254,0.43103900000000006,4310.39
3255,0.43099600000000005,4309.96
3256,0.430953,4309.53
3257,0.43091000000000007,4309.1
3258,0.43086700000000006,4308.67
3259,0.430824,4308.24
3260,0.4307810000000001,4307.81
3261,0.430738,4307.38
3262,0.430695,4306.95
3263,0.4306520000000001,4306.52
3264,0.430609,4306.09
3265,0.430566,4305.66
3266,0.430523,4305.23
3267,0.43048000000000003,4304.8
3268,0.430437,4304.37
3269,0.430394,4303.94
3270,0.43035100000000004,4303.51
3271,0.430308,4303.08
3272,0.430265,4302.65
3273,0.43022200000000005,4302.22
3274,0.43017900000000003,4301.79
3275,0.43013599999999996,4301.36
3276,0.43009300000000006,4300.93
3277,0.43005000000000004,4300.5
3278,0.430007,4300.07
3279,0.42996400000000007,4299.64
3280,0.429921,4299.21
3281,0.429878,4298.78
3282,0.4298350000000001,4298.35
3283,0.429792,4297.92
3284,0.429749,4297.49
3285,0.4297060000000001,4297.06
3286,0.429663,4296.63
3287,0.42962,4296.2
3288,0.42957700000000004,4295.77
3289,0.429534,4295.34
3290,0.429491,4294.91
3291,0.429448,4294.48
3292,0.42940500000000004,4294.05
3293,0.429362,4293.62
3294,0.429319,4293.19
3295,0.42927600000000005,4292.76
3296,0.42923300000000003,4292.33
3297,0.42918999999999996,4291.9
3298,0.42914700000000006,4291.47
3299,0.42910400000000004,4291.04
3300,0.42906099999999997,4290.61
3301,0.42901800000000007,4290.18
3302,0.428975,4289.75
3303,0.428932,4289.32
3304,0.4288890000000001,4288.89
3305,0.428846,4288.46
3306,0.428803,4288.03
3307,0.42876000000000003,4287.6
3308,0.428717,4287.17
3309,0.428674,4286.74
3310,0.42863100000000004,4286.31
3311,0.428588,4285.88
3312,0.428545,4285.45
3313,0.42850200000000005,4285.02
3314,0.42845900000000003,4284.59
3315,0.428416,4284.16
3316,0.428373,4283.73
3317,0.42833000000000004,4283.3
3318,0.42828700000000003,4282.87
3319,0.42824399999999996,4282.44
3320,0.42820100000000005,4282.01
3321,0.42815800000000004,4281.58
3322,0.42811499999999997,4281.15
3323,0.42807200000000006,4280.72
3324,0.428029,4280.29
3325,0.427986,4279.86
3326,0.4279430000000001,4279.43
3327,0.4279,4279.0
3328,0.427857,4278.57
3329,0.427814,4278.14
3330,0.427771,4277.71
3331,0.427728,4277.28
3332,0.42768500000000004,4276.85
3333,0.427642,4276.42
3334,0.427599,4275.99
3335,0.42755600000000005,4275.56
3336,0.42751300000000003,4275.13
3337,0.42747,4274.7
3338,0.42742700000000006,4274.27
3339,0.42738400000000004,4273.84
3340,0.427341,4273.41
3341,0.42729799999999996,4272.98
3342,0.42725500000000005,4272.55
3343,0.42721200000000004,4272.12
3344,0.42716899999999997,4271.69
3345,0.42712600000000006,4271.26
3346,0.427083,4270.83
3347,0.42704,4270.4
3348,0.42699700000000007,4269.97
3349,0.426954,4269.54
3350,0.426911,4269.11
3351,0.426868,4268.68
3352,0.426825,4268.25
3353,0.426782,4267.82
3354,0.42673900000000003,4267.39
3355,0.426696,4266.96
3356,0.426653,4266.53
3357,0.42661000000000004,4266.1
3358,0.42656700000000003,4265.67
3359,0.426524,4265.24
3360,0.42648100000000005,4264.81
3361,0.42643800000000004,4264.38
3362,0.426395,4263.95
3363,0.42635200000000006,4263.52
3364,0.426319,4263.19
3365,0.4262850000000001,4262.85
3366,0.430495,4304.95
3367,0.47222600000000003,4722.26
3368,0.4722680000000001,4722.68
3369,0.472221,4722.21
3370,0.472183,4721.83
3371,0.47223000000000004,4722.3
3372,0.47219200000000006,4721.92
3373,0.4722390000000001,4722.39
3374,0.47220100000000004,4722.01
3375,0.472248,4722.48
3376,0.47220100000000004,4722.01
3377,0.47216400000000003,4721.64
3378,0.47222000000000003,4722.2
3379,0.472183,4721.83
3380,0.472136,4721.36
3381,0.47219200000000006,4721.92
3382,0.472145,4721.45
3383,0.47220100000000004,4722.01
3384,0.47216400000000003,4721.64
3385,0.47212600000000005,4721.26
3386,0.47208900000000004,4720.89
